日期,类型,价格,数量,金额,股票代码,股票名称,阶段,利润,利润率,持仓天数,对应买入日期
2025-05-07,买入,43.38,100,4338.0,34,神州数码,牛市,,,,
2025-05-13,卖出,41.6,100,4160.0,34,神州数码,牛市,-178.0,-4.103273397879207,6.0,2025-05-07
2025-05-22,买入,40.2,100,4020.0000000000005,34,神州数码,牛市,,,,
2025-05-26,卖出,38.0,100,3800.0,34,神州数码,牛市,-220.00000000000045,-5.472636815920408,4.0,2025-05-22
2025-06-24,买入,35.91,100,3590.9999999999995,34,神州数码,牛市,,,,
2025-07-17,买入,38.22,100,3822.0,34,神州数码,牛市,,,,
2025-07-23,卖出,38.2,100,3820.0000000000005,34,神州数码,牛市,229.0000000000009,6.377053745474824,29.0,2025-06-24
2025-07-23,卖出,38.2,100,3820.0000000000005,34,神州数码,牛市,-1.9999999999995453,-0.052328623757183286,6.0,2025-07-17
2025-07-28,买入,40.98,100,4098.0,34,神州数码,牛市,,,,
2025-07-29,卖出,39.27,100,3927.0000000000005,34,神州数码,牛市,-170.99999999999955,-4.1727672035138985,1.0,2025-07-28
2025-08-01,买入,41.08,100,4108.0,34,神州数码,牛市,,,,
2025-08-04,卖出,39.83,100,3983.0,34,神州数码,牛市,-125.0,-3.0428432327166504,3.0,2025-08-01
2025-08-07,买入,41.3,100,4130.0,34,神州数码,牛市,,,,
2025-08-11,卖出,39.9,100,3990.0,34,神州数码,牛市,-140.0,-3.389830508474576,4.0,2025-08-07
2025-08-13,买入,40.92,100,4092.0,34,神州数码,牛市,,,,
2025-08-29,卖出,45.88,100,4588.0,34,神州数码,牛市,496.0,12.121212121212121,16.0,2025-08-13
2025-09-11,买入,46.15,100,4615.0,34,神州数码,牛市,,,,
2025-09-22,买入,45.66,100,4566.0,34,神州数码,牛市,,,,
2025-10-13,卖出,39.47,100,3947.0,34,神州数码,牛市,-668.0,-14.47453954496208,32.0,2025-09-11
2025-10-13,卖出,39.47,100,3947.0,34,神州数码,牛市,-619.0,-13.556723609286028,21.0,2025-09-22
2025-10-23,买入,39.38,100,3938.0000000000005,34,神州数码,牛市,,,,
2025-10-31,结算,43.03,100,4303.0,34,神州数码,牛市,364.99999999999955,9.268664296597246,8.0,2025-10-23
2024-11-05,买入,36.0,100,3600.0,34,神州数码,震荡,,,,
2024-11-13,卖出,37.81,100,3781.0,34,神州数码,震荡,181.0,5.027777777777778,8.0,2024-11-05
2024-11-28,买入,33.55,100,3354.9999999999995,34,神州数码,震荡,,,,
2024-12-17,卖出,33.37,100,3336.9999999999995,34,神州数码,震荡,-18.0,-0.5365126676602088,19.0,2024-11-28
2025-01-15,买入,32.3,100,3229.9999999999995,34,神州数码,震荡,,,,
2025-01-27,买入,33.85,100,3385.0,34,神州数码,震荡,,,,
2025-02-21,卖出,57.0,100,5700.0,34,神州数码,震荡,2470.0000000000005,76.47058823529414,37.0,2025-01-15
2025-02-21,卖出,57.0,100,5700.0,34,神州数码,震荡,2315.0,68.38995568685377,25.0,2025-01-27
2025-02-25,买入,54.7,100,5470.0,34,神州数码,震荡,,,,
2025-02-26,卖出,53.92,100,5392.0,34,神州数码,震荡,-78.0,-1.4259597806215722,1.0,2025-02-25
2025-03-07,买入,51.51,100,5151.0,34,神州数码,震荡,,,,
2025-03-24,卖出,45.2,100,4520.0,34,神州数码,震荡,-631.0,-12.250048534265192,17.0,2025-03-07
2024-06-27,买入,22.87,100,2287.0,34,神州数码,熊市,,,,
2024-07-05,卖出,21.7,100,2170.0,34,神州数码,熊市,-117.0,-5.115872321818977,8.0,2024-06-27
2024-07-10,买入,22.27,100,2227.0,34,神州数码,熊市,,,,
2024-07-19,买入,24.3,100,2430.0,34,神州数码,熊市,,,,
2024-07-24,卖出,23.34,100,2334.0,34,神州数码,熊市,107.0,4.804669959586888,14.0,2024-07-10
2024-07-24,卖出,23.34,100,2334.0,34,神州数码,熊市,-96.0,-3.950617283950617,5.0,2024-07-19
2024-08-05,买入,22.56,100,2256.0,34,神州数码,熊市,,,,
2024-08-06,卖出,22.92,100,2292.0,34,神州数码,熊市,36.0,1.5957446808510638,1.0,2024-08-05
2024-08-07,买入,23.99,100,2399.0,34,神州数码,熊市,,,,
2024-08-16,卖出,22.39,100,2239.0,34,神州数码,熊市,-160.0,-6.6694456023343065,9.0,2024-08-07
2024-08-19,买入,22.87,100,2287.0,34,神州数码,熊市,,,,
2024-08-26,买入,24.7,100,2470.0,34,神州数码,熊市,,,,
2024-09-09,卖出,24.3,100,2430.0,34,神州数码,熊市,143.0,6.2527328377787486,21.0,2024-08-19
2024-09-09,卖出,24.3,100,2430.0,34,神州数码,熊市,-40.0,-1.6194331983805668,14.0,2024-08-26
2025-05-15,买入,6.07,100,607.0,703,恒逸石化,牛市,,,,
2025-05-19,卖出,6.02,100,602.0,703,恒逸石化,牛市,-5.0,-0.8237232289950577,4.0,2025-05-15
2025-07-10,买入,5.86,100,586.0,703,恒逸石化,牛市,,,,
2025-07-16,卖出,5.82,100,582.0,703,恒逸石化,牛市,-4.0,-0.6825938566552902,6.0,2025-07-10
2025-07-22,买入,6.03,100,603.0,703,恒逸石化,牛市,,,,
2025-08-01,卖出,5.99,100,599.0,703,恒逸石化,牛市,-4.0,-0.6633499170812603,10.0,2025-07-22
2025-08-19,买入,6.17,100,617.0,703,恒逸石化,牛市,,,,
2025-08-28,卖出,6.3,100,630.0,703,恒逸石化,牛市,13.0,2.106969205834684,9.0,2025-08-19
2025-09-01,买入,6.54,100,654.0,703,恒逸石化,牛市,,,,
2025-09-04,卖出,6.4,100,640.0,703,恒逸石化,牛市,-14.0,-2.1406727828746175,3.0,2025-09-01
2025-09-09,买入,6.68,100,668.0,703,恒逸石化,牛市,,,,
2025-09-16,卖出,6.6,100,660.0,703,恒逸石化,牛市,-8.0,-1.1976047904191618,7.0,2025-09-09
2025-09-25,买入,6.46,100,646.0,703,恒逸石化,牛市,,,,
2025-10-15,卖出,6.57,100,657.0,703,恒逸石化,牛市,11.0,1.7027863777089782,20.0,2025-09-25
2025-10-23,买入,6.66,100,666.0,703,恒逸石化,牛市,,,,
2025-10-31,结算,6.7,100,670.0,703,恒逸石化,牛市,4.0,0.6006006006006006,8.0,2025-10-23
2024-11-14,买入,6.58,100,658.0,703,恒逸石化,震荡,,,,
2024-11-15,卖出,6.49,100,649.0,703,恒逸石化,震荡,-9.0,-1.3677811550151975,1.0,2024-11-14
2024-11-29,买入,6.15,100,615.0,703,恒逸石化,震荡,,,,
2024-12-17,卖出,6.15,100,615.0,703,恒逸石化,震荡,0.0,0.0,18.0,2024-11-29
2024-12-26,买入,6.09,100,609.0,703,恒逸石化,震荡,,,,
2025-01-03,卖出,6.02,100,602.0,703,恒逸石化,震荡,-7.0,-1.1494252873563218,8.0,2024-12-26
2025-01-07,买入,6.3,100,630.0,703,恒逸石化,震荡,,,,
2025-02-07,买入,6.16,100,616.0,703,恒逸石化,震荡,,,,
2025-02-18,卖出,6.19,100,619.0,703,恒逸石化,震荡,-11.0,-1.746031746031746,42.0,2025-01-07
2025-02-18,卖出,6.19,100,619.0,703,恒逸石化,震荡,3.0,0.487012987012987,11.0,2025-02-07
2025-03-07,买入,6.13,100,613.0,703,恒逸石化,震荡,,,,
2025-03-14,卖出,6.1,100,610.0,703,恒逸石化,震荡,-3.0,-0.48939641109298526,7.0,2025-03-07
2025-03-25,买入,6.05,100,605.0,703,恒逸石化,震荡,,,,
2025-04-01,结算,6.03,100,603.0,703,恒逸石化,震荡,-2.0,-0.3305785123966942,7.0,2025-03-25
2024-06-04,买入,7.01,100,701.0,703,恒逸石化,熊市,,,,
2024-06-12,卖出,6.88,100,688.0,703,恒逸石化,熊市,-13.0,-1.8544935805991443,8.0,2024-06-04
2024-06-17,买入,6.98,100,698.0,703,恒逸石化,熊市,,,,
2024-07-01,买入,7.07,100,707.0,703,恒逸石化,熊市,,,,
2024-07-05,卖出,7.0,100,700.0,703,恒逸石化,熊市,2.0,0.28653295128939826,18.0,2024-06-17
2024-07-05,卖出,7.0,100,700.0,703,恒逸石化,熊市,-7.0,-0.9900990099009901,4.0,2024-07-01
2024-07-12,买入,7.45,100,745.0,703,恒逸石化,熊市,,,,
2024-07-18,卖出,7.47,100,747.0,703,恒逸石化,熊市,2.0,0.2684563758389262,6.0,2024-07-12
2024-08-01,买入,6.4,100,640.0,703,恒逸石化,熊市,,,,
2024-08-13,卖出,6.32,100,632.0,703,恒逸石化,熊市,-8.0,-1.25,12.0,2024-08-01
2024-08-19,买入,6.15,100,615.0,703,恒逸石化,熊市,,,,
2024-09-04,卖出,5.93,100,593.0,703,恒逸石化,熊市,-22.0,-3.577235772357724,16.0,2024-08-19
2025-05-13,买入,15.32,100,1532.0,807,云铝股份,牛市,,,,
2025-05-19,买入,15.69,100,1569.0,807,云铝股份,牛市,,,,
2025-05-20,卖出,15.15,100,1515.0,807,云铝股份,牛市,-17.0,-1.1096605744125325,7.0,2025-05-13
2025-05-20,卖出,15.15,100,1515.0,807,云铝股份,牛市,-54.0,-3.4416826003824093,1.0,2025-05-19
2025-06-03,买入,14.6,100,1460.0,807,云铝股份,牛市,,,,
2025-06-04,卖出,14.56,100,1456.0,807,云铝股份,牛市,-4.0,-0.273972602739726,1.0,2025-06-03
2025-06-05,买入,14.68,100,1468.0,807,云铝股份,牛市,,,,
2025-06-10,买入,14.9,100,1490.0,807,云铝股份,牛市,,,,
2025-06-12,买入,15.4,100,1540.0,807,云铝股份,牛市,,,,
2025-06-23,卖出,15.26,100,1526.0,807,云铝股份,牛市,58.0,3.9509536784741144,18.0,2025-06-05
2025-06-23,卖出,15.26,100,1526.0,807,云铝股份,牛市,36.0,2.4161073825503356,13.0,2025-06-10
2025-06-23,卖出,15.26,100,1526.0,807,云铝股份,牛市,-14.0,-0.9090909090909091,11.0,2025-06-12
2025-06-25,买入,15.58,100,1558.0,807,云铝股份,牛市,,,,
2025-07-08,卖出,15.78,100,1578.0,807,云铝股份,牛市,20.0,1.2836970474967908,13.0,2025-06-25
2025-07-22,买入,16.63,100,1663.0,807,云铝股份,牛市,,,,
2025-07-29,卖出,16.08,100,1607.9999999999998,807,云铝股份,牛市,-55.00000000000023,-3.307276007215888,7.0,2025-07-22
2025-08-07,买入,16.28,100,1628.0,807,云铝股份,牛市,,,,
2025-08-29,卖出,18.64,100,1864.0,807,云铝股份,牛市,236.0,14.496314496314497,22.0,2025-08-07
2025-09-01,买入,19.39,100,1939.0,807,云铝股份,牛市,,,,
2025-09-04,卖出,19.09,100,1909.0,807,云铝股份,牛市,-30.0,-1.547189272821042,3.0,2025-09-01
2025-09-17,买入,20.37,100,2037.0,807,云铝股份,牛市,,,,
2025-09-19,卖出,19.92,100,1992.0000000000002,807,云铝股份,牛市,-44.99999999999977,-2.209131075110445,2.0,2025-09-17
2025-09-30,买入,20.3,100,2030.0,807,云铝股份,牛市,,,,
2025-10-16,买入,20.89,100,2089.0,807,云铝股份,牛市,,,,
2025-10-17,卖出,21.12,100,2112.0,807,云铝股份,牛市,82.0,4.039408866995074,17.0,2025-09-30
2025-10-17,卖出,21.12,100,2112.0,807,云铝股份,牛市,23.0,1.1010052656773577,1.0,2025-10-16
2025-10-21,买入,21.28,100,2128.0,807,云铝股份,牛市,,,,
2025-10-29,卖出,22.25,100,2225.0,807,云铝股份,牛市,97.0,4.55827067669173,8.0,2025-10-21
2025-10-30,买入,23.31,100,2331.0,807,云铝股份,牛市,,,,
2025-10-31,结算,22.99,100,2299.0,807,云铝股份,牛市,-32.0,-1.3728013728013728,1.0,2025-10-30
2024-11-07,买入,15.5,100,1550.0,807,云铝股份,震荡,,,,
2024-11-12,卖出,15.71,100,1571.0,807,云铝股份,震荡,21.0,1.3548387096774193,5.0,2024-11-07
2024-11-21,买入,14.15,100,1415.0,807,云铝股份,震荡,,,,
2024-11-25,卖出,13.64,100,1364.0,807,云铝股份,震荡,-51.0,-3.604240282685512,4.0,2024-11-21
2024-11-28,买入,13.59,100,1359.0,807,云铝股份,震荡,,,,
2024-12-10,买入,14.35,100,1435.0,807,云铝股份,震荡,,,,
2024-12-23,卖出,14.07,100,1407.0,807,云铝股份,震荡,48.0,3.532008830022075,25.0,2024-11-28
2024-12-23,卖出,14.07,100,1407.0,807,云铝股份,震荡,-28.0,-1.951219512195122,13.0,2024-12-10
2025-01-03,买入,13.73,100,1373.0,807,云铝股份,震荡,,,,
2025-01-24,卖出,16.09,100,1609.0,807,云铝股份,震荡,236.0,17.188638018936636,21.0,2025-01-03
2025-02-11,买入,16.8,100,1680.0,807,云铝股份,震荡,,,,
2025-03-06,买入,18.18,100,1818.0,807,云铝股份,震荡,,,,
2025-03-18,卖出,17.97,100,1797.0,807,云铝股份,震荡,117.0,6.964285714285714,35.0,2025-02-11
2025-03-18,卖出,17.97,100,1797.0,807,云铝股份,震荡,-21.0,-1.155115511551155,12.0,2025-03-06
2025-04-01,买入,17.4,100,1739.9999999999998,807,云铝股份,震荡,,,,
2025-04-01,结算,17.65,100,1764.9999999999998,807,云铝股份,震荡,25.0,1.4367816091954024,0.0,2025-04-01
2024-06-03,买入,14.49,100,1449.0,807,云铝股份,熊市,,,,
2024-06-12,卖出,14.52,100,1452.0,807,云铝股份,熊市,3.0,0.2070393374741201,9.0,2024-06-03
2024-06-13,买入,14.85,100,1485.0,807,云铝股份,熊市,,,,
2024-06-17,卖出,14.22,100,1422.0,807,云铝股份,熊市,-63.0,-4.242424242424243,4.0,2024-06-13
2024-06-26,买入,13.48,100,1348.0,807,云铝股份,熊市,,,,
2024-06-28,卖出,13.09,100,1309.0,807,云铝股份,熊市,-39.0,-2.893175074183976,2.0,2024-06-26
2024-07-01,买入,13.54,100,1354.0,807,云铝股份,熊市,,,,
2024-07-11,买入,13.93,100,1393.0,807,云铝股份,熊市,,,,
2024-07-18,卖出,12.87,100,1287.0,807,云铝股份,熊市,-67.0,-4.948301329394387,17.0,2024-07-01
2024-07-18,卖出,12.87,100,1287.0,807,云铝股份,熊市,-106.0,-7.609475951184494,7.0,2024-07-11
2024-07-30,买入,11.72,100,1172.0,807,云铝股份,熊市,,,,
2024-07-31,卖出,11.59,100,1159.0,807,云铝股份,熊市,-13.0,-1.1092150170648465,1.0,2024-07-30
2024-08-01,买入,12.58,100,1258.0,807,云铝股份,熊市,,,,
2024-08-06,卖出,11.69,100,1169.0,807,云铝股份,熊市,-89.0,-7.074721780604134,5.0,2024-08-01
2024-08-29,买入,11.78,100,1178.0,807,云铝股份,熊市,,,,
2024-09-06,卖出,11.78,100,1178.0,807,云铝股份,熊市,0.0,0.0,8.0,2024-08-29
2025-05-30,买入,18.65,100,1864.9999999999998,2273,水晶光电,牛市,,,,
2025-06-03,卖出,18.07,100,1807.0,2273,水晶光电,牛市,-57.99999999999977,-3.1099195710455647,4.0,2025-05-30
2025-06-05,买入,19.0,100,1900.0,2273,水晶光电,牛市,,,,
2025-06-19,买入,19.69,100,1969.0000000000002,2273,水晶光电,牛市,,,,
2025-07-01,卖出,20.02,100,2002.0,2273,水晶光电,牛市,102.0,5.36842105263158,26.0,2025-06-05
2025-07-01,卖出,20.02,100,2002.0,2273,水晶光电,牛市,32.99999999999977,1.6759776536312732,12.0,2025-06-19
2025-07-04,买入,20.59,100,2059.0,2273,水晶光电,牛市,,,,
2025-07-07,卖出,19.98,100,1998.0,2273,水晶光电,牛市,-61.0,-2.962603205439534,3.0,2025-07-04
2025-07-24,买入,20.5,100,2050.0,2273,水晶光电,牛市,,,,
2025-08-01,卖出,20.92,100,2092.0,2273,水晶光电,牛市,42.0,2.048780487804878,8.0,2025-07-24
2025-08-08,买入,21.37,100,2137.0,2273,水晶光电,牛市,,,,
2025-08-11,卖出,20.95,100,2095.0,2273,水晶光电,牛市,-42.0,-1.9653720168460458,3.0,2025-08-08
2025-08-12,买入,21.68,100,2168.0,2273,水晶光电,牛市,,,,
2025-08-28,卖出,27.15,100,2715.0,2273,水晶光电,牛市,547.0,25.230627306273064,16.0,2025-08-12
2025-09-09,买入,26.13,100,2613.0,2273,水晶光电,牛市,,,,
2025-09-10,卖出,25.56,100,2556.0,2273,水晶光电,牛市,-57.0,-2.1814006888633752,1.0,2025-09-09
2025-09-12,买入,26.7,100,2670.0,2273,水晶光电,牛市,,,,
2025-10-30,买入,25.9,100,2590.0,2273,水晶光电,牛市,,,,
2025-10-31,结算,24.98,100,2498.0,2273,水晶光电,牛市,-172.0,-6.441947565543071,49.0,2025-09-12
2025-10-31,结算,24.98,100,2498.0,2273,水晶光电,牛市,-92.0,-3.5521235521235517,1.0,2025-10-30
2024-11-12,买入,23.07,100,2307.0,2273,水晶光电,震荡,,,,
2024-11-15,卖出,21.97,100,2197.0,2273,水晶光电,震荡,-110.0,-4.768097095795405,3.0,2024-11-12
2024-11-28,买入,20.69,100,2069.0,2273,水晶光电,震荡,,,,
2024-12-11,买入,21.21,100,2121.0,2273,水晶光电,震荡,,,,
2024-12-17,卖出,20.82,100,2082.0,2273,水晶光电,震荡,13.0,0.6283228612856452,19.0,2024-11-28
2024-12-17,卖出,20.82,100,2082.0,2273,水晶光电,震荡,-39.0,-1.8387553041018387,6.0,2024-12-11
2024-12-24,买入,22.59,100,2259.0,2273,水晶光电,震荡,,,,
2024-12-26,卖出,22.29,100,2229.0,2273,水晶光电,震荡,-30.0,-1.3280212483399734,2.0,2024-12-24
2024-12-27,买入,22.86,100,2286.0,2273,水晶光电,震荡,,,,
2025-01-02,卖出,22.04,100,2204.0,2273,水晶光电,震荡,-82.0,-3.5870516185476813,6.0,2024-12-27
2025-01-16,买入,20.29,100,2029.0,2273,水晶光电,震荡,,,,
2025-02-17,卖出,22.59,100,2259.0,2273,水晶光电,震荡,230.0,11.335633316904879,32.0,2025-01-16
2025-02-21,买入,25.91,100,2591.0,2273,水晶光电,震荡,,,,
2025-03-03,卖出,25.6,100,2560.0,2273,水晶光电,震荡,-31.0,-1.1964492473948283,10.0,2025-02-21
2025-03-28,买入,22.75,100,2275.0,2273,水晶光电,震荡,,,,
2025-04-01,结算,22.69,100,2269.0,2273,水晶光电,震荡,-6.0,-0.26373626373626374,4.0,2025-03-28
2024-06-13,买入,16.1,100,1610.0000000000002,2273,水晶光电,熊市,,,,
2024-06-25,卖出,16.08,100,1607.9999999999998,2273,水晶光电,熊市,-2.0000000000004547,-0.12422360248450029,12.0,2024-06-13
2024-06-27,买入,16.52,100,1652.0,2273,水晶光电,熊市,,,,
2024-07-05,卖出,17.36,100,1736.0,2273,水晶光电,熊市,84.0,5.084745762711865,8.0,2024-06-27
2024-07-10,买入,18.41,100,1841.0,2273,水晶光电,熊市,,,,
2024-07-18,卖出,18.91,100,1891.0,2273,水晶光电,熊市,50.0,2.715915263443781,8.0,2024-07-10
2024-07-30,买入,17.95,100,1795.0,2273,水晶光电,熊市,,,,
2024-08-06,卖出,17.2,100,1720.0,2273,水晶光电,熊市,-75.0,-4.178272980501393,7.0,2024-07-30
2024-08-12,买入,17.64,100,1764.0,2273,水晶光电,熊市,,,,
2024-08-22,买入,18.05,100,1805.0,2273,水晶光电,熊市,,,,
2024-08-27,卖出,17.25,100,1725.0,2273,水晶光电,熊市,-39.0,-2.2108843537414966,15.0,2024-08-12
2024-08-27,卖出,17.25,100,1725.0,2273,水晶光电,熊市,-80.0,-4.43213296398892,5.0,2024-08-22
2025-05-20,买入,39.02,100,3902.0000000000005,2432,九安医疗,牛市,,,,
2025-05-22,卖出,39.0,100,3900.0,2432,九安医疗,牛市,-2.0000000000004547,-0.05125576627371743,2.0,2025-05-20
2025-05-30,买入,38.03,100,3803.0,2432,九安医疗,牛市,,,,
2025-06-12,卖出,37.56,100,3756.0,2432,九安医疗,牛市,-47.0,-1.2358664212463844,13.0,2025-05-30
2025-06-25,买入,36.16,100,3615.9999999999995,2432,九安医疗,牛市,,,,
2025-07-07,买入,36.6,100,3660.0,2432,九安医疗,牛市,,,,
2025-07-30,卖出,38.94,100,3894.0,2432,九安医疗,牛市,278.00000000000045,7.688053097345146,35.0,2025-06-25
2025-07-30,卖出,38.94,100,3894.0,2432,九安医疗,牛市,234.0,6.393442622950819,23.0,2025-07-07
2025-07-31,买入,39.3,100,3929.9999999999995,2432,九安医疗,牛市,,,,
2025-08-01,卖出,38.84,100,3884.0000000000005,2432,九安医疗,牛市,-45.99999999999909,-1.1704834605597734,1.0,2025-07-31
2025-08-13,买入,40.15,100,4015.0,2432,九安医疗,牛市,,,,
2025-08-15,卖出,39.93,100,3993.0,2432,九安医疗,牛市,-22.0,-0.547945205479452,2.0,2025-08-13
2025-08-18,买入,40.54,100,4054.0,2432,九安医疗,牛市,,,,
2025-08-21,卖出,41.4,100,4140.0,2432,九安医疗,牛市,86.0,2.1213616181549084,3.0,2025-08-18
2025-08-22,买入,41.59,100,4159.0,2432,九安医疗,牛市,,,,
2025-08-28,卖出,39.85,100,3985.0,2432,九安医疗,牛市,-174.0,-4.1836980043279635,6.0,2025-08-22
2025-09-09,买入,39.45,100,3945.0000000000005,2432,九安医疗,牛市,,,,
2025-09-24,卖出,37.9,100,3790.0,2432,九安医疗,牛市,-155.00000000000045,-3.929024081115347,15.0,2025-09-09
2025-09-25,买入,38.85,100,3885.0,2432,九安医疗,牛市,,,,
2025-10-17,买入,40.7,100,4070.0000000000005,2432,九安医疗,牛市,,,,
2025-10-29,卖出,39.8,100,3979.9999999999995,2432,九安医疗,牛市,94.99999999999955,2.445302445302434,34.0,2025-09-25
2025-10-29,卖出,39.8,100,3979.9999999999995,2432,九安医疗,牛市,-90.00000000000091,-2.2113022113022334,12.0,2025-10-17
2024-11-28,买入,43.43,100,4343.0,2432,九安医疗,震荡,,,,
2024-12-05,卖出,42.3,100,4230.0,2432,九安医疗,震荡,-113.0,-2.6018880957863226,7.0,2024-11-28
2024-12-09,买入,42.82,100,4282.0,2432,九安医疗,震荡,,,,
2025-01-06,卖出,40.61,100,4061.0,2432,九安医疗,震荡,-221.0,-5.161139654367118,28.0,2024-12-09
2025-01-07,买入,41.08,100,4108.0,2432,九安医疗,震荡,,,,
2025-01-09,卖出,39.79,100,3979.0,2432,九安医疗,震荡,-129.0,-3.140214216163583,2.0,2025-01-07
2025-01-15,买入,39.77,100,3977.0000000000005,2432,九安医疗,震荡,,,,
2025-02-11,买入,43.36,100,4336.0,2432,九安医疗,震荡,,,,
2025-02-24,卖出,44.75,100,4475.0,2432,九安医疗,震荡,497.99999999999955,12.522001508674869,40.0,2025-01-15
2025-02-24,卖出,44.75,100,4475.0,2432,九安医疗,震荡,139.0,3.205719557195572,13.0,2025-02-11
2025-03-17,买入,42.43,100,4243.0,2432,九安医疗,震荡,,,,
2025-03-24,卖出,41.41,100,4141.0,2432,九安医疗,震荡,-102.0,-2.4039594626443552,7.0,2025-03-17
2025-03-26,买入,41.48,100,4148.0,2432,九安医疗,震荡,,,,
2025-04-01,结算,42.67,100,4267.0,2432,九安医疗,震荡,119.0,2.8688524590163933,6.0,2025-03-26
2024-05-28,买入,41.16,100,4116.0,2432,九安医疗,熊市,,,,
2024-05-29,卖出,40.7,100,4070.0000000000005,2432,九安医疗,熊市,-45.999999999999545,-1.117589893100086,1.0,2024-05-28
2024-05-31,买入,41.0,100,4100.0,2432,九安医疗,熊市,,,,
2024-06-17,卖出,40.78,100,4078.0,2432,九安医疗,熊市,-22.0,-0.5365853658536586,17.0,2024-05-31
2024-06-27,买入,40.3,100,4029.9999999999995,2432,九安医疗,熊市,,,,
2024-07-15,买入,39.92,100,3992.0,2432,九安医疗,熊市,,,,
2024-07-30,卖出,38.31,100,3831.0,2432,九安医疗,熊市,-198.99999999999955,-4.937965260545895,33.0,2024-06-27
2024-07-30,卖出,38.31,100,3831.0,2432,九安医疗,熊市,-161.0,-4.033066132264529,15.0,2024-07-15
2024-08-01,买入,39.95,100,3995.0000000000005,2432,九安医疗,熊市,,,,
2024-08-09,买入,40.85,100,4085.0,2432,九安医疗,熊市,,,,
2024-08-15,卖出,40.35,100,4035.0,2432,九安医疗,熊市,39.999999999999545,1.001251564455558,14.0,2024-08-01
2024-08-15,卖出,40.35,100,4035.0,2432,九安医疗,熊市,-50.0,-1.2239902080783354,6.0,2024-08-09
2024-08-20,买入,41.5,100,4150.0,2432,九安医疗,熊市,,,,
2024-09-02,卖出,42.15,100,4215.0,2432,九安医疗,熊市,65.0,1.566265060240964,13.0,2024-08-20
2024-09-06,买入,43.15,100,4315.0,2432,九安医疗,熊市,,,,
2024-09-12,结算,41.1,100,4110.0,2432,九安医疗,熊市,-205.0,-4.750869061413673,6.0,2024-09-06
2025-05-26,买入,30.02,100,3002.0,2466,天齐锂业,牛市,,,,
2025-05-27,卖出,29.57,100,2957.0,2466,天齐锂业,牛市,-45.0,-1.4990006662225184,1.0,2025-05-26
2025-06-05,买入,30.37,100,3037.0,2466,天齐锂业,牛市,,,,
2025-06-17,卖出,30.12,100,3012.0,2466,天齐锂业,牛市,-25.0,-0.8231807704972012,12.0,2025-06-05
2025-06-30,买入,32.25,100,3225.0,2466,天齐锂业,牛市,,,,
2025-07-08,卖出,32.22,100,3222.0,2466,天齐锂业,牛市,-3.0,-0.09302325581395349,8.0,2025-06-30
2025-07-09,买入,33.5,100,3350.0,2466,天齐锂业,牛市,,,,
2025-07-15,卖出,34.03,100,3403.0,2466,天齐锂业,牛市,53.0,1.582089552238806,6.0,2025-07-09
2025-07-21,买入,36.18,100,3618.0,2466,天齐锂业,牛市,,,,
2025-07-30,卖出,40.83,100,4083.0,2466,天齐锂业,牛市,465.0,12.85240464344942,9.0,2025-07-21
2025-08-08,买入,39.48,100,3947.9999999999995,2466,天齐锂业,牛市,,,,
2025-08-13,买入,44.92,100,4492.0,2466,天齐锂业,牛市,,,,
2025-08-15,卖出,43.05,100,4305.0,2466,天齐锂业,牛市,357.00000000000045,9.042553191489375,7.0,2025-08-08
2025-08-15,卖出,43.05,100,4305.0,2466,天齐锂业,牛市,-187.0,-4.162956366874444,2.0,2025-08-13
2025-08-19,买入,43.9,100,4390.0,2466,天齐锂业,牛市,,,,
2025-08-20,卖出,42.88,100,4288.0,2466,天齐锂业,牛市,-102.0,-2.3234624145785876,1.0,2025-08-19
2025-08-27,买入,44.46,100,4446.0,2466,天齐锂业,牛市,,,,
2025-08-28,卖出,41.88,100,4188.0,2466,天齐锂业,牛市,-258.0,-5.802968960863698,1.0,2025-08-27
2025-09-10,买入,43.74,100,4374.0,2466,天齐锂业,牛市,,,,
2025-09-11,卖出,43.8,100,4380.0,2466,天齐锂业,牛市,6.0,0.1371742112482853,1.0,2025-09-10
2025-09-22,买入,45.21,100,4521.0,2466,天齐锂业,牛市,,,,
2025-09-24,卖出,42.71,100,4271.0,2466,天齐锂业,牛市,-250.0,-5.529750055297501,2.0,2025-09-22
2025-10-10,买入,51.08,100,5108.0,2466,天齐锂业,牛市,,,,
2025-10-16,卖出,47.2,100,4720.0,2466,天齐锂业,牛市,-388.0,-7.595927956147221,6.0,2025-10-10
2025-10-30,买入,50.4,100,5040.0,2466,天齐锂业,牛市,,,,
2025-10-31,结算,53.4,100,5340.0,2466,天齐锂业,牛市,300.0,5.952380952380952,1.0,2025-10-30
2024-11-05,买入,36.0,100,3600.0,2466,天齐锂业,震荡,,,,
2024-11-15,卖出,39.19,100,3919.0,2466,天齐锂业,震荡,319.0,8.86111111111111,10.0,2024-11-05
2024-11-21,买入,40.8,100,4079.9999999999995,2466,天齐锂业,震荡,,,,
2024-11-25,卖出,39.8,100,3979.9999999999995,2466,天齐锂业,震荡,-100.0,-2.450980392156863,4.0,2024-11-21
2024-11-26,买入,40.15,100,4015.0,2466,天齐锂业,震荡,,,,
2024-11-27,卖出,37.89,100,3789.0,2466,天齐锂业,震荡,-226.0,-5.628891656288917,1.0,2024-11-26
2024-12-09,买入,37.51,100,3751.0,2466,天齐锂业,震荡,,,,
2024-12-16,卖出,36.3,100,3629.9999999999995,2466,天齐锂业,震荡,-121.00000000000045,-3.2258064516129155,7.0,2024-12-09
2024-12-30,买入,34.0,100,3400.0,2466,天齐锂业,震荡,,,,
2025-01-02,卖出,33.01,100,3301.0,2466,天齐锂业,震荡,-99.0,-2.911764705882353,3.0,2024-12-30
2025-01-07,买入,32.1,100,3210.0,2466,天齐锂业,震荡,,,,
2025-01-13,卖出,30.96,100,3096.0,2466,天齐锂业,震荡,-114.0,-3.551401869158879,6.0,2025-01-07
2025-01-14,买入,32.3,100,3229.9999999999995,2466,天齐锂业,震荡,,,,
2025-02-17,买入,33.1,100,3310.0,2466,天齐锂业,震荡,,,,
2025-02-21,卖出,32.36,100,3236.0,2466,天齐锂业,震荡,6.000000000000455,0.18575851393190265,38.0,2025-01-14
2025-02-21,卖出,32.36,100,3236.0,2466,天齐锂业,震荡,-74.0,-2.2356495468277946,4.0,2025-02-17
2025-03-05,买入,33.2,100,3320.0000000000005,2466,天齐锂业,震荡,,,,
2025-03-06,卖出,32.88,100,3288.0000000000005,2466,天齐锂业,震荡,-32.0,-0.9638554216867469,1.0,2025-03-05
2024-05-21,买入,38.35,100,3835.0,2466,天齐锂业,熊市,,,,
2024-05-22,卖出,37.72,100,3772.0,2466,天齐锂业,熊市,-63.0,-1.6427640156453716,1.0,2024-05-21
2024-05-23,买入,38.2,100,3820.0000000000005,2466,天齐锂业,熊市,,,,
2024-05-24,卖出,37.33,100,3733.0,2466,天齐锂业,熊市,-87.00000000000045,-2.2774869109947757,1.0,2024-05-23
2024-05-30,买入,36.97,100,3697.0,2466,天齐锂业,熊市,,,,
2024-06-03,卖出,35.88,100,3588.0000000000005,2466,天齐锂业,熊市,-108.99999999999955,-2.9483364890451598,4.0,2024-05-30
2024-06-04,买入,35.96,100,3596.0,2466,天齐锂业,熊市,,,,
2024-06-06,卖出,36.07,100,3607.0,2466,天齐锂业,熊市,11.0,0.3058954393770857,2.0,2024-06-04
2024-06-18,买入,32.6,100,3260.0,2466,天齐锂业,熊市,,,,
2024-06-21,卖出,31.0,100,3100.0,2466,天齐锂业,熊市,-160.0,-4.9079754601226995,3.0,2024-06-18
2024-06-27,买入,31.3,100,3130.0,2466,天齐锂业,熊市,,,,
2024-07-03,卖出,29.5,100,2950.0,2466,天齐锂业,熊市,-180.0,-5.7507987220447285,6.0,2024-06-27
2024-07-04,买入,29.81,100,2981.0,2466,天齐锂业,熊市,,,,
2024-07-05,卖出,28.68,100,2868.0,2466,天齐锂业,熊市,-113.0,-3.7906742703790672,1.0,2024-07-04
2024-07-11,买入,28.28,100,2828.0,2466,天齐锂业,熊市,,,,
2024-07-26,卖出,28.18,100,2818.0,2466,天齐锂业,熊市,-10.0,-0.3536067892503536,15.0,2024-07-11
2024-08-08,买入,28.15,100,2815.0,2466,天齐锂业,熊市,,,,
2024-08-09,卖出,28.04,100,2804.0,2466,天齐锂业,熊市,-11.0,-0.39076376554174064,1.0,2024-08-08
2024-08-22,买入,26.93,100,2693.0,2466,天齐锂业,熊市,,,,
2024-08-23,卖出,25.6,100,2560.0,2466,天齐锂业,熊市,-133.0,-4.9387300408466395,1.0,2024-08-22
2024-08-27,买入,25.66,100,2566.0,2466,天齐锂业,熊市,,,,
2024-09-03,卖出,24.95,100,2495.0,2466,天齐锂业,熊市,-71.0,-2.7669524551831643,7.0,2024-08-27
2024-09-09,买入,25.72,100,2572.0,2466,天齐锂业,熊市,,,,
2024-09-11,卖出,25.55,100,2555.0,2466,天齐锂业,熊市,-17.0,-0.6609642301710731,2.0,2024-09-09
2024-09-12,买入,28.0,100,2800.0,2466,天齐锂业,熊市,,,,
2024-09-12,结算,27.7,100,2770.0,2466,天齐锂业,熊市,-30.0,-1.0714285714285714,0.0,2024-09-12
2025-05-14,买入,3.1,100,310.0,2607,中公教育,牛市,,,,
2025-05-16,卖出,3.06,100,306.0,2607,中公教育,牛市,-4.0,-1.2903225806451613,2.0,2025-05-14
2025-05-21,买入,3.08,100,308.0,2607,中公教育,牛市,,,,
2025-05-22,卖出,3.05,100,305.0,2607,中公教育,牛市,-3.0,-0.974025974025974,1.0,2025-05-21
2025-05-27,买入,3.02,100,302.0,2607,中公教育,牛市,,,,
2025-05-28,卖出,3.0,100,300.0,2607,中公教育,牛市,-2.0,-0.6622516556291391,1.0,2025-05-27
2025-05-30,买入,2.94,100,294.0,2607,中公教育,牛市,,,,
2025-06-03,卖出,2.87,100,287.0,2607,中公教育,牛市,-7.0,-2.380952380952381,4.0,2025-05-30
2025-06-04,买入,2.93,100,293.0,2607,中公教育,牛市,,,,
2025-06-16,卖出,2.9,100,290.0,2607,中公教育,牛市,-3.0,-1.023890784982935,12.0,2025-06-04
2025-06-25,买入,2.92,100,292.0,2607,中公教育,牛市,,,,
2025-07-03,买入,3.03,100,303.0,2607,中公教育,牛市,,,,
2025-07-08,卖出,3.01,100,301.0,2607,中公教育,牛市,9.0,3.0821917808219177,13.0,2025-06-25
2025-07-08,卖出,3.01,100,301.0,2607,中公教育,牛市,-2.0,-0.6600660066006601,5.0,2025-07-03
2025-07-09,买入,3.05,100,305.0,2607,中公教育,牛市,,,,
2025-07-16,卖出,3.02,100,302.0,2607,中公教育,牛市,-3.0,-0.9836065573770493,7.0,2025-07-09
2025-08-07,买入,2.99,100,299.0,2607,中公教育,牛市,,,,
2025-08-11,卖出,2.93,100,293.0,2607,中公教育,牛市,-6.0,-2.0066889632107023,4.0,2025-08-07
2025-08-20,买入,2.98,100,298.0,2607,中公教育,牛市,,,,
2025-09-01,卖出,3.03,100,303.0,2607,中公教育,牛市,5.0,1.6778523489932886,12.0,2025-08-20
2025-09-09,买入,2.95,100,295.0,2607,中公教育,牛市,,,,
2025-09-10,卖出,2.91,100,291.0,2607,中公教育,牛市,-4.0,-1.3559322033898304,1.0,2025-09-09
2025-09-11,买入,2.94,100,294.0,2607,中公教育,牛市,,,,
2025-09-29,卖出,2.81,100,281.0,2607,中公教育,牛市,-13.0,-4.421768707482993,18.0,2025-09-11
2025-10-13,买入,2.71,100,271.0,2607,中公教育,牛市,,,,
2025-10-20,卖出,2.72,100,272.0,2607,中公教育,牛市,1.0,0.36900369003690037,7.0,2025-10-13
2025-10-30,买入,2.72,100,272.0,2607,中公教育,牛市,,,,
2025-10-31,卖出,2.68,100,268.0,2607,中公教育,牛市,-4.0,-1.4705882352941175,1.0,2025-10-30
2024-11-08,买入,3.7,100,370.0,2607,中公教育,震荡,,,,
2024-11-14,卖出,3.54,100,354.0,2607,中公教育,震荡,-16.0,-4.324324324324325,6.0,2024-11-08
2024-11-28,买入,3.16,100,316.0,2607,中公教育,震荡,,,,
2024-12-23,卖出,3.85,100,385.0,2607,中公教育,震荡,69.0,21.835443037974684,25.0,2024-11-28
2025-01-08,买入,3.18,100,318.0,2607,中公教育,震荡,,,,
2025-01-14,卖出,3.06,100,306.0,2607,中公教育,震荡,-12.0,-3.7735849056603774,6.0,2025-01-08
2025-01-15,买入,3.2,100,320.0,2607,中公教育,震荡,,,,
2025-02-19,卖出,3.66,100,366.0,2607,中公教育,震荡,46.0,14.374999999999998,35.0,2025-01-15
2024-06-07,买入,1.79,100,179.0,2607,中公教育,熊市,,,,
2024-06-21,卖出,1.74,100,174.0,2607,中公教育,熊市,-5.0,-2.793296089385475,14.0,2024-06-07
2024-07-02,买入,1.52,100,152.0,2607,中公教育,熊市,,,,
2024-08-01,买入,1.65,100,165.0,2607,中公教育,熊市,,,,
2024-08-12,卖出,2.17,100,217.0,2607,中公教育,熊市,65.0,42.76315789473684,41.0,2024-07-02
2024-08-12,卖出,2.17,100,217.0,2607,中公教育,熊市,52.0,31.515151515151512,11.0,2024-08-01
2024-08-29,买入,1.86,100,186.0,2607,中公教育,熊市,,,,
2024-09-06,买入,1.98,100,198.0,2607,中公教育,熊市,,,,
2024-09-12,结算,1.84,100,184.0,2607,中公教育,熊市,-2.0,-1.0752688172043012,14.0,2024-08-29
2024-09-12,结算,1.84,100,184.0,2607,中公教育,熊市,-14.0,-7.07070707070707,6.0,2024-09-06
2025-05-07,买入,80.77833014230514,100,8077.833014230514,300394,天孚通信,牛市,,,,
2025-05-16,卖出,80.53525487720724,100,8053.5254877207235,300394,天孚通信,牛市,-24.307526509790478,-0.3009164273013384,9.0,2025-05-07
2025-05-22,买入,85.62878656857676,100,8562.878656857676,300394,天孚通信,牛市,,,,
2025-05-26,卖出,81.70643569995164,100,8170.643569995164,300394,天孚通信,牛市,-392.2350868625117,-4.580645161290309,4.0,2025-05-22
2025-06-04,买入,92.36860073720024,100,9236.860073720023,300394,天孚通信,牛市,,,,
2025-06-11,卖出,98.01983308536067,100,9801.983308536068,300394,天孚通信,牛市,565.1232348160447,6.118131381289278,7.0,2025-06-04
2025-06-17,买入,107.70783984379746,100,10770.783984379746,300394,天孚通信,牛市,,,,
2025-06-23,卖出,104.27429627205736,100,10427.429627205736,300394,天孚通信,牛市,-343.35435717401015,-3.1878306878306852,6.0,2025-06-17
2025-07-11,买入,124.22019253942726,100,12422.019253942726,300394,天孚通信,牛市,,,,
2025-07-21,卖出,126.89864146675976,100,12689.864146675976,300394,天孚通信,牛市,267.84489273325016,2.156210574607157,10.0,2025-07-11
2025-07-30,买入,139.62127387158932,100,13962.127387158933,300394,天孚通信,牛市,,,,
2025-08-07,卖出,146.74480825279284,100,14674.480825279283,300394,天孚通信,牛市,712.3534381203499,5.102040816326503,8.0,2025-07-30
2025-08-13,买入,153.58340125874824,100,15358.340125874824,300394,天孚通信,牛市,,,,
2025-08-18,卖出,151.83101180097216,100,15183.101180097216,300394,天孚通信,牛市,-175.23894577760802,-1.1410018552875762,5.0,2025-08-13
2025-08-19,买入,159.5814172077216,100,15958.14172077216,300394,天孚通信,牛市,,,,
2025-09-03,卖出,236.86014977901928,100,23686.014977901927,300394,天孚通信,牛市,7727.873257129766,48.42589690170918,15.0,2025-08-19
2025-09-12,买入,263.8865499003909,100,26388.65499003909,300394,天孚通信,牛市,,,,
2025-09-16,卖出,252.3344950829429,100,25233.449508294292,300394,天孚通信,牛市,-1155.205481744797,-4.377659574468088,4.0,2025-09-12
2025-09-22,买入,263.8865499003909,100,26388.65499003909,300394,天孚通信,牛市,,,,
2025-09-25,卖出,252.61522545517735,100,25261.522545517735,300394,天孚通信,牛市,-1127.132444521354,-4.271276595744695,3.0,2025-09-22
2025-10-21,买入,222.78762340526612,100,22278.762340526613,300394,天孚通信,牛市,,,,
2025-10-28,买入,260.4756758777422,100,26047.56758777422,300394,天孚通信,牛市,,,,
2025-10-31,结算,221.79103058383384,100,22179.103058383385,300394,天孚通信,牛市,-99.65928214322776,-0.4473286290322358,10.0,2025-10-21
2025-10-31,结算,221.79103058383384,100,22179.103058383385,300394,天孚通信,牛市,-3868.464529390836,-14.851538502990783,3.0,2025-10-28
2024-11-06,买入,117.26159306629717,100,11726.159306629717,300394,天孚通信,震荡,,,,
2024-11-12,卖出,114.38736153700296,100,11438.736153700296,300394,天孚通信,震荡,-287.4231529294211,-2.451127819548881,6.0,2024-11-06
2024-11-28,买入,91.7020924422975,100,9170.20924422975,300394,天孚通信,震荡,,,,
2024-11-29,卖出,90.75870970108744,100,9075.870970108745,300394,天孚通信,震荡,-94.33827412100618,-1.0287472358427094,1.0,2024-11-28
2024-12-02,买入,92.41624199405464,100,9241.624199405465,300394,天孚通信,震荡,,,,
2024-12-18,卖出,87.07334534757524,100,8707.334534757523,300394,天孚通信,震荡,-534.2896646479421,-5.781339439038369,16.0,2024-12-02
2024-12-26,买入,89.0394607801906,100,8903.94607801906,300394,天孚通信,震荡,,,,
2025-01-13,卖出,77.02235165617834,100,7702.235165617834,300394,天孚通信,震荡,-1201.7109124012259,-13.496385780770376,18.0,2024-12-26
2025-01-15,买入,78.47710074309104,100,7847.710074309104,300394,天孚通信,震荡,,,,
2025-02-06,卖出,75.1323546666222,100,7513.2354666622205,300394,天孚通信,震荡,-334.47460764688367,-4.26206631590337,22.0,2025-01-15
2025-02-20,买入,86.61434627979187,100,8661.434627979188,300394,天孚通信,震荡,,,,
2025-02-25,卖出,85.88070093422367,100,8588.070093422366,300394,天孚通信,震荡,-73.36453455682204,-0.8470252066537713,5.0,2025-02-20
2025-03-14,买入,80.32090668889364,100,8032.090668889365,300394,天孚通信,震荡,,,,
2025-03-21,卖出,78.93316790269839,100,7893.316790269839,300394,天孚通信,震荡,-138.77387861952593,-1.7277429294596702,7.0,2025-03-14
2024-06-04,买入,112.38157932321296,100,11238.157932321295,300394,天孚通信,熊市,,,,
2024-06-11,卖出,107.21830166250696,100,10721.830166250696,300394,天孚通信,熊市,-516.327766070599,-4.5944163552429185,7.0,2024-06-04
2024-06-18,买入,119.69416395272962,100,11969.416395272963,300394,天孚通信,熊市,,,,
2024-06-26,卖出,112.45569335662024,100,11245.569335662025,300394,天孚通信,熊市,-723.8470596109382,-6.047471620227069,8.0,2024-06-18
2024-07-09,买入,109.9358162207733,100,10993.58162207733,300394,天孚通信,熊市,,,,
2024-07-26,卖出,107.7123952185554,100,10771.23952185554,300394,天孚通信,熊市,-222.34210022179104,-2.022471910112381,17.0,2024-07-09
2024-07-31,买入,119.06419466876784,100,11906.419466876783,300394,天孚通信,熊市,,,,
2024-08-05,卖出,106.23011455041016,100,10623.011455041016,300394,天孚通信,熊市,-1283.408011835767,-10.779126465400958,5.0,2024-07-31
2024-08-15,买入,103.14202982510751,100,10314.202982510751,300394,天孚通信,熊市,,,,
2024-08-23,卖出,104.99488066028913,100,10499.488066028913,300394,天孚通信,熊市,185.28508351816163,1.7964071856287855,8.0,2024-08-15
2024-09-02,买入,94.7424393722844,100,9474.243937228439,300394,天孚通信,熊市,,,,
2024-09-03,卖出,90.08560760652809,100,9008.560760652808,300394,天孚通信,熊市,-465.68317657563057,-4.915254237288087,1.0,2024-09-02
2024-09-05,买入,88.91213541091304,100,8891.213541091303,300394,天孚通信,熊市,,,,
2024-09-12,结算,90.9502713296128,100,9095.02713296128,300394,天孚通信,熊市,203.81359186997724,2.2923034176160533,7.0,2024-09-05
2025-06-12,买入,252.0,100,25200.0,300750,宁德时代,牛市,,,,
2025-06-19,卖出,245.3,100,24530.0,300750,宁德时代,牛市,-670.0,-2.6587301587301586,7.0,2025-06-12
2025-06-25,买入,246.5,100,24650.0,300750,宁德时代,牛市,,,,
2025-07-04,买入,265.01,100,26501.0,300750,宁德时代,牛市,,,,
2025-07-17,卖出,265.37,100,26537.0,300750,宁德时代,牛市,1887.0,7.655172413793103,22.0,2025-06-25
2025-07-17,卖出,265.37,100,26537.0,300750,宁德时代,牛市,36.0,0.13584393041772008,13.0,2025-07-04
2025-07-21,买入,277.0,100,27700.0,300750,宁德时代,牛市,,,,
2025-07-31,卖出,280.8,100,28080.0,300750,宁德时代,牛市,380.0,1.371841155234657,10.0,2025-07-21
2025-08-13,买入,264.77,100,26477.0,300750,宁德时代,牛市,,,,
2025-08-29,卖出,278.31,100,27831.0,300750,宁德时代,牛市,1354.0,5.113872417569967,16.0,2025-08-13
2025-09-01,买入,306.5,100,30650.0,300750,宁德时代,牛市,,,,
2025-09-11,卖出,315.55,100,31555.0,300750,宁德时代,牛市,905.0,2.9526916802610113,10.0,2025-09-01
2025-09-15,买入,346.01,100,34601.0,300750,宁德时代,牛市,,,,
2025-09-29,卖出,386.34,100,38634.0,300750,宁德时代,牛市,4033.0,11.65573249328054,14.0,2025-09-15
2025-09-30,买入,396.0,100,39600.0,300750,宁德时代,牛市,,,,
2025-10-13,卖出,362.86,100,36286.0,300750,宁德时代,牛市,-3314.0,-8.368686868686869,13.0,2025-09-30
2025-10-24,买入,379.97,100,37997.0,300750,宁德时代,牛市,,,,
2025-10-31,结算,388.77,100,38877.0,300750,宁德时代,牛市,880.0,2.3159723136037056,7.0,2025-10-24
2024-11-06,买入,258.99,100,25899.0,300750,宁德时代,震荡,,,,
2024-11-18,卖出,265.56,100,26556.0,300750,宁德时代,震荡,657.0,2.536777481756052,12.0,2024-11-06
2024-11-28,买入,259.2,100,25920.0,300750,宁德时代,震荡,,,,
2024-11-29,卖出,251.23,100,25123.0,300750,宁德时代,震荡,-797.0,-3.0748456790123457,1.0,2024-11-28
2024-12-02,买入,258.64,100,25864.0,300750,宁德时代,震荡,,,,
2024-12-06,卖出,256.0,100,25600.0,300750,宁德时代,震荡,-264.0,-1.020723785957315,4.0,2024-12-02
2024-12-11,买入,273.96,100,27395.999999999996,300750,宁德时代,震荡,,,,
2024-12-23,卖出,262.71,100,26270.999999999996,300750,宁德时代,震荡,-1125.0,-4.106438896189226,12.0,2024-12-11
2025-01-15,买入,256.2,100,25620.0,300750,宁德时代,震荡,,,,
2025-02-18,买入,272.96,100,27295.999999999996,300750,宁德时代,震荡,,,,
2025-02-26,卖出,271.45,100,27145.0,300750,宁德时代,震荡,1525.0,5.952380952380952,42.0,2025-01-15
2025-02-26,卖出,271.45,100,27145.0,300750,宁德时代,震荡,-150.99999999999636,-0.5531946072684509,8.0,2025-02-18
2025-03-28,买入,256.11,100,25611.0,300750,宁德时代,震荡,,,,
2025-04-01,卖出,252.94,100,25294.0,300750,宁德时代,震荡,-317.0,-1.2377494045527313,4.0,2025-03-28
2024-06-18,买入,223.33895748144036,100,22333.895748144037,300750,宁德时代,熊市,,,,
2024-06-27,卖出,220.20520862281157,100,22020.520862281155,300750,宁德时代,熊市,-313.37488586288237,-1.4031357959075457,9.0,2024-06-18
2024-07-04,买入,214.12763507880425,100,21412.763507880423,300750,宁德时代,熊市,,,,
2024-07-11,卖出,207.7295644924372,100,20772.95644924372,300750,宁德时代,熊市,-639.807058636703,-2.987970508343018,7.0,2024-07-04
2024-07-12,买入,211.1125888284569,100,21111.25888284569,300750,宁德时代,熊市,,,,
2024-07-30,卖出,217.48691889316763,100,21748.691889316764,300750,宁德时代,熊市,637.4330064710739,3.019398369412403,18.0,2024-07-12
2024-08-14,买入,205.3436420659812,100,20534.36420659812,300750,宁德时代,熊市,,,,
2024-08-27,买入,216.65600063519796,100,21665.600063519796,300750,宁德时代,熊市,,,,
2024-09-10,卖出,220.19333836198345,100,22019.333836198344,300750,宁德时代,熊市,1484.9696296002257,7.231631886236216,27.0,2024-08-14
2024-09-10,卖出,220.19333836198345,100,22019.333836198344,300750,宁德时代,熊市,353.7337726785481,1.6326977865439307,14.0,2024-08-27
2025-05-12,买入,1598.0,100,159800.0,600519,贵州茅台,牛市,,,,
2025-05-20,卖出,1580.0,100,158000.0,600519,贵州茅台,牛市,-1800.0,-1.1264080100125156,8.0,2025-05-12
2025-06-06,买入,1513.8,100,151380.0,600519,贵州茅台,牛市,,,,
2025-06-10,卖出,1486.0,100,148600.0,600519,贵州茅台,牛市,-2780.0,-1.8364381027876866,4.0,2025-06-06
2025-06-13,买入,1444.41,100,144441.0,600519,贵州茅台,牛市,,,,
2025-06-16,卖出,1401.2,100,140120.0,600519,贵州茅台,牛市,-4321.0,-2.991532875014712,3.0,2025-06-13
2025-06-17,买入,1420.0,100,142000.0,600519,贵州茅台,牛市,,,,
2025-06-30,卖出,1403.5,100,140350.0,600519,贵州茅台,牛市,-1650.0,-1.1619718309859155,13.0,2025-06-17
2025-07-14,买入,1430.0,100,143000.0,600519,贵州茅台,牛市,,,,
2025-07-16,卖出,1410.01,100,141001.0,600519,贵州茅台,牛市,-1999.0,-1.397902097902098,2.0,2025-07-14
2025-07-21,买入,1436.99,100,143699.0,600519,贵州茅台,牛市,,,,
2025-07-29,卖出,1439.6,100,143960.0,600519,贵州茅台,牛市,261.0,0.18162965643463072,8.0,2025-07-21
2025-08-12,买入,1449.0,100,144900.0,600519,贵州茅台,牛市,,,,
2025-08-14,卖出,1420.94,100,142094.0,600519,贵州茅台,牛市,-2806.0,-1.9365079365079367,2.0,2025-08-12
2025-08-20,买入,1438.0,100,143800.0,600519,贵州茅台,牛市,,,,
2025-08-29,卖出,1453.0,100,145300.0,600519,贵州茅台,牛市,1500.0,1.043115438108484,9.0,2025-08-20
2025-09-01,买入,1482.2,100,148220.0,600519,贵州茅台,牛市,,,,
2025-09-05,卖出,1471.0,100,147100.0,600519,贵州茅台,牛市,-1120.0,-0.7556335177438942,4.0,2025-09-01
2025-09-08,买入,1483.0,100,148300.0,600519,贵州茅台,牛市,,,,
2025-09-11,买入,1522.01,100,152201.0,600519,贵州茅台,牛市,,,,
2025-09-16,卖出,1515.1,100,151510.0,600519,贵州茅台,牛市,3210.0,2.1645313553607552,8.0,2025-09-08
2025-09-16,卖出,1515.1,100,151510.0,600519,贵州茅台,牛市,-691.0,-0.4540049014132627,5.0,2025-09-11
2025-09-30,买入,1460.0,100,146000.0,600519,贵州茅台,牛市,,,,
2025-10-14,卖出,1429.99,100,142999.0,600519,贵州茅台,牛市,-3001.0,-2.0554794520547945,14.0,2025-09-30
2025-10-15,买入,1450.98,100,145098.0,600519,贵州茅台,牛市,,,,
2025-10-28,卖出,1442.0,100,144200.0,600519,贵州茅台,牛市,-898.0,-0.618892059160016,13.0,2025-10-15
2024-11-06,买入,1575.0,100,157500.0,600519,贵州茅台,震荡,,,,
2024-11-14,卖出,1570.0,100,157000.0,600519,贵州茅台,震荡,-500.0,-0.31746031746031744,8.0,2024-11-06
2024-11-27,买入,1509.0,100,150900.0,600519,贵州茅台,震荡,,,,
2024-12-23,卖出,1523.0,100,152300.0,600519,贵州茅台,震荡,1400.0,0.9277667329357191,26.0,2024-11-27
2025-01-14,买入,1444.95,100,144495.0,600519,贵州茅台,震荡,,,,
2025-02-11,买入,1434.95,100,143495.0,600519,贵州茅台,震荡,,,,
2025-02-26,卖出,1455.45,100,145545.0,600519,贵州茅台,震荡,1050.0,0.7266687428630748,43.0,2025-01-14
2025-02-26,卖出,1455.45,100,145545.0,600519,贵州茅台,震荡,2050.0,1.4286212063138088,15.0,2025-02-11
2025-02-28,买入,1485.5,100,148550.0,600519,贵州茅台,震荡,,,,
2025-03-04,卖出,1485.0,100,148500.0,600519,贵州茅台,震荡,-50.0,-0.03365870077415012,4.0,2025-02-28
2025-03-07,买入,1503.0,100,150300.0,600519,贵州茅台,震荡,,,,
2025-03-21,卖出,1599.0,100,159900.0,600519,贵州茅台,震荡,9600.0,6.387225548902195,14.0,2025-03-07
2024-05-30,买入,1675.0,100,167500.0,600519,贵州茅台,熊市,,,,
2024-05-31,卖出,1650.5,100,165050.0,600519,贵州茅台,熊市,-2450.0,-1.462686567164179,1.0,2024-05-30
2024-06-05,买入,1652.0,100,165200.0,600519,贵州茅台,熊市,,,,
2024-06-11,卖出,1602.99,100,160299.0,600519,贵州茅台,熊市,-4901.0,-2.966707021791768,6.0,2024-06-05
2024-06-17,买入,1532.29,100,153229.0,600519,贵州茅台,熊市,,,,
2024-06-24,卖出,1423.0,100,142300.0,600519,贵州茅台,熊市,-10929.0,-7.1324618707946925,7.0,2024-06-17
2024-06-25,买入,1477.0,100,147700.0,600519,贵州茅台,熊市,,,,
2024-07-02,卖出,1433.0,100,143300.0,600519,贵州茅台,熊市,-4400.0,-2.9790115098171968,7.0,2024-06-25
2024-07-03,买入,1499.0,100,149900.0,600519,贵州茅台,熊市,,,,
2024-07-09,卖出,1420.0,100,142000.0,600519,贵州茅台,熊市,-7900.0,-5.270180120080053,6.0,2024-07-03
2024-07-12,买入,1473.01,100,147301.0,600519,贵州茅台,熊市,,,,
2024-07-23,买入,1499.0,100,149900.0,600519,贵州茅台,熊市,,,,
2024-07-24,卖出,1450.2,100,145020.0,600519,贵州茅台,熊市,-2281.0,-1.5485298809919823,12.0,2024-07-12
2024-07-24,卖出,1450.2,100,145020.0,600519,贵州茅台,熊市,-4880.0,-3.255503669112742,1.0,2024-07-23
2024-08-01,买入,1418.0,100,141800.0,600519,贵州茅台,熊市,,,,
2024-08-14,买入,1423.01,100,142301.0,600519,贵州茅台,熊市,,,,
2024-08-26,卖出,1417.0,100,141700.0,600519,贵州茅台,熊市,-100.0,-0.07052186177715092,25.0,2024-08-01
2024-08-26,卖出,1417.0,100,141700.0,600519,贵州茅台,熊市,-601.0,-0.4223441859157701,12.0,2024-08-14
2025-05-29,买入,13.25,100,1325.0,600522,中天科技,牛市,,,,
2025-06-23,卖出,13.47,100,1347.0,600522,中天科技,牛市,22.0,1.6603773584905661,25.0,2025-05-29
2025-06-25,买入,13.97,100,1397.0,600522,中天科技,牛市,,,,
2025-07-01,买入,14.5,100,1450.0,600522,中天科技,牛市,,,,
2025-07-03,卖出,14.54,100,1454.0,600522,中天科技,牛市,57.0,4.08017179670723,8.0,2025-06-25
2025-07-03,卖出,14.54,100,1454.0,600522,中天科技,牛市,4.0,0.27586206896551724,2.0,2025-07-01
2025-08-11,买入,14.35,100,1435.0,600522,中天科技,牛市,,,,
2025-08-22,卖出,15.03,100,1503.0,600522,中天科技,牛市,68.0,4.7386759581881535,11.0,2025-08-11
2025-08-26,买入,15.91,100,1591.0,600522,中天科技,牛市,,,,
2025-09-02,卖出,16.2,100,1620.0,600522,中天科技,牛市,29.0,1.8227529855436833,7.0,2025-08-26
2025-09-08,买入,16.4,100,1639.9999999999998,600522,中天科技,牛市,,,,
2025-09-22,买入,16.99,100,1698.9999999999998,600522,中天科技,牛市,,,,
2025-10-13,卖出,17.59,100,1759.0,600522,中天科技,牛市,119.00000000000023,7.256097560975625,35.0,2025-09-08
2025-10-13,卖出,17.59,100,1759.0,600522,中天科技,牛市,60.00000000000023,3.5314891112419207,21.0,2025-09-22
2025-10-24,买入,17.8,100,1780.0,600522,中天科技,牛市,,,,
2025-10-29,卖出,16.93,100,1693.0,600522,中天科技,牛市,-87.0,-4.8876404494382015,5.0,2025-10-24
2025-10-30,买入,17.42,100,1742.0000000000002,600522,中天科技,牛市,,,,
2025-10-31,卖出,17.09,100,1709.0,600522,中天科技,牛市,-33.00000000000023,-1.8943742824339966,1.0,2025-10-30
2024-11-06,买入,16.62,100,1662.0,600522,中天科技,震荡,,,,
2024-11-13,买入,16.9,100,1689.9999999999998,600522,中天科技,震荡,,,,
2024-11-15,卖出,16.54,100,1654.0,600522,中天科技,震荡,-8.0,-0.48134777376654636,9.0,2024-11-06
2024-11-15,卖出,16.54,100,1654.0,600522,中天科技,震荡,-35.99999999999977,-2.1301775147928863,2.0,2024-11-13
2024-11-28,买入,16.38,100,1638.0,600522,中天科技,震荡,,,,
2024-12-27,卖出,14.78,100,1478.0,600522,中天科技,震荡,-160.0,-9.768009768009769,29.0,2024-11-28
2025-01-08,买入,13.66,100,1366.0,600522,中天科技,震荡,,,,
2025-01-13,卖出,13.06,100,1306.0,600522,中天科技,震荡,-60.0,-4.392386530014641,5.0,2025-01-08
2025-01-15,买入,13.29,100,1329.0,600522,中天科技,震荡,,,,
2025-01-27,买入,14.06,100,1406.0,600522,中天科技,震荡,,,,
2025-02-20,卖出,13.91,100,1391.0,600522,中天科技,震荡,62.0,4.6651617757712565,36.0,2025-01-15
2025-02-20,卖出,13.91,100,1391.0,600522,中天科技,震荡,-15.0,-1.0668563300142246,24.0,2025-01-27
2025-02-24,买入,14.52,100,1452.0,600522,中天科技,震荡,,,,
2025-03-03,卖出,13.89,100,1389.0,600522,中天科技,震荡,-63.0,-4.338842975206612,7.0,2025-02-24
2025-03-17,买入,16.25,100,1625.0,600522,中天科技,震荡,,,,
2025-03-20,卖出,15.08,100,1508.0,600522,中天科技,震荡,-117.0,-7.199999999999999,3.0,2025-03-17
2025-03-24,买入,16.05,100,1605.0,600522,中天科技,震荡,,,,
2025-03-26,卖出,14.86,100,1486.0,600522,中天科技,震荡,-119.0,-7.414330218068536,2.0,2025-03-24
2024-05-28,买入,15.43,100,1543.0,600522,中天科技,熊市,,,,
2024-06-03,卖出,15.01,100,1501.0,600522,中天科技,熊市,-42.0,-2.7219701879455602,6.0,2024-05-28
2024-06-14,买入,14.6,100,1460.0,600522,中天科技,熊市,,,,
2024-06-26,卖出,15.26,100,1526.0,600522,中天科技,熊市,66.0,4.52054794520548,12.0,2024-06-14
2024-07-01,买入,15.86,100,1586.0,600522,中天科技,熊市,,,,
2024-07-03,卖出,15.13,100,1513.0,600522,中天科技,熊市,-73.0,-4.602774274905422,2.0,2024-07-01
2024-07-23,买入,14.66,100,1466.0,600522,中天科技,熊市,,,,
2024-08-05,卖出,14.44,100,1444.0,600522,中天科技,熊市,-22.0,-1.5006821282401093,13.0,2024-07-23
2024-08-16,买入,13.18,100,1318.0,600522,中天科技,熊市,,,,
2024-08-22,卖出,13.06,100,1306.0,600522,中天科技,熊市,-12.0,-0.9104704097116844,6.0,2024-08-16
2024-08-29,买入,12.65,100,1265.0,600522,中天科技,熊市,,,,
2024-09-12,结算,13.35,100,1335.0,600522,中天科技,熊市,70.0,5.533596837944664,14.0,2024-08-29
2025-06-10,买入,16.65,100,1664.9999999999998,600875,东方电气,牛市,,,,
2025-06-20,卖出,16.44,100,1644.0000000000002,600875,东方电气,牛市,-20.999999999999545,-1.2612612612612342,10.0,2025-06-10
2025-07-08,买入,17.0,100,1700.0,600875,东方电气,牛市,,,,
2025-07-16,卖出,17.18,100,1718.0,600875,东方电气,牛市,18.0,1.0588235294117647,8.0,2025-07-08
2025-07-18,买入,17.37,100,1737.0,600875,东方电气,牛市,,,,
2025-07-28,卖出,20.81,100,2081.0,600875,东方电气,牛市,344.0,19.80426021876799,10.0,2025-07-18
2025-08-11,买入,20.29,100,2029.0,600875,东方电气,牛市,,,,
2025-08-14,卖出,19.78,100,1978.0,600875,东方电气,牛市,-51.0,-2.5135534746180386,3.0,2025-08-11
2025-08-20,买入,20.0,100,2000.0,600875,东方电气,牛市,,,,
2025-09-04,卖出,18.97,100,1897.0,600875,东方电气,牛市,-103.0,-5.1499999999999995,15.0,2025-08-20
2025-09-09,买入,19.44,100,1944.0000000000002,600875,东方电气,牛市,,,,
2025-09-11,卖出,18.91,100,1891.0,600875,东方电气,牛市,-53.00000000000023,-2.7263374485596823,2.0,2025-09-09
2025-09-12,买入,19.36,100,1936.0,600875,东方电气,牛市,,,,
2025-09-25,卖出,18.8,100,1880.0,600875,东方电气,牛市,-56.0,-2.8925619834710745,13.0,2025-09-12
2025-09-26,买入,18.92,100,1892.0000000000002,600875,东方电气,牛市,,,,
2025-10-10,买入,21.2,100,2120.0,600875,东方电气,牛市,,,,
2025-10-20,卖出,20.03,100,2003.0,600875,东方电气,牛市,110.99999999999977,5.866807610993645,24.0,2025-09-26
2025-10-20,卖出,20.03,100,2003.0,600875,东方电气,牛市,-117.0,-5.518867924528302,10.0,2025-10-10
2025-10-28,买入,21.4,100,2140.0,600875,东方电气,牛市,,,,
2025-10-30,买入,22.1,100,2210.0,600875,东方电气,牛市,,,,
2025-10-31,结算,20.87,100,2087.0,600875,东方电气,牛市,-53.0,-2.4766355140186915,3.0,2025-10-28
2025-10-31,结算,20.87,100,2087.0,600875,东方电气,牛市,-123.0,-5.5656108597285066,1.0,2025-10-30
2024-11-22,买入,16.57,100,1657.0,600875,东方电气,震荡,,,,
2024-11-25,卖出,15.35,100,1535.0,600875,东方电气,震荡,-122.0,-7.362703681351841,3.0,2024-11-22
2024-11-28,买入,15.36,100,1536.0,600875,东方电气,震荡,,,,
2024-12-11,买入,15.32,100,1532.0,600875,东方电气,震荡,,,,
2024-12-16,卖出,15.21,100,1521.0,600875,东方电气,震荡,-15.0,-0.9765625,18.0,2024-11-28
2024-12-16,卖出,15.21,100,1521.0,600875,东方电气,震荡,-11.0,-0.7180156657963447,5.0,2024-12-11
2024-12-19,买入,15.21,100,1521.0,600875,东方电气,震荡,,,,
2024-12-30,买入,16.06,100,1605.9999999999998,600875,东方电气,震荡,,,,
2025-01-03,卖出,15.0,100,1500.0,600875,东方电气,震荡,-21.0,-1.3806706114398422,15.0,2024-12-19
2025-01-03,卖出,15.0,100,1500.0,600875,东方电气,震荡,-105.99999999999977,-6.600249066002477,4.0,2024-12-30
2025-01-15,买入,14.81,100,1481.0,600875,东方电气,震荡,,,,
2025-02-14,买入,15.21,100,1521.0,600875,东方电气,震荡,,,,
2025-02-18,卖出,14.97,100,1497.0,600875,东方电气,震荡,16.0,1.0803511141120865,34.0,2025-01-15
2025-02-18,卖出,14.97,100,1497.0,600875,东方电气,震荡,-24.0,-1.5779092702169626,4.0,2025-02-14
2025-02-28,买入,14.85,100,1485.0,600875,东方电气,震荡,,,,
2025-03-03,卖出,14.67,100,1467.0,600875,东方电气,震荡,-18.0,-1.2121212121212122,3.0,2025-02-28
2025-03-04,买入,14.77,100,1477.0,600875,东方电气,震荡,,,,
2025-03-17,买入,15.38,100,1538.0,600875,东方电气,震荡,,,,
2025-03-24,卖出,15.16,100,1516.0,600875,东方电气,震荡,39.0,2.640487474610697,20.0,2025-03-04
2025-03-24,卖出,15.16,100,1516.0,600875,东方电气,震荡,-22.0,-1.4304291287386215,7.0,2025-03-17
2025-03-25,买入,15.28,100,1528.0,600875,东方电气,震荡,,,,
2025-03-28,卖出,15.21,100,1521.0,600875,东方电气,震荡,-7.0,-0.45811518324607325,3.0,2025-03-25
2024-05-28,买入,18.55,100,1855.0,600875,东方电气,熊市,,,,
2024-06-11,卖出,18.4,100,1839.9999999999998,600875,东方电气,熊市,-15.000000000000227,-0.8086253369272359,14.0,2024-05-28
2024-07-10,买入,17.15,100,1714.9999999999998,600875,东方电气,熊市,,,,
2024-07-11,卖出,16.36,100,1636.0,600875,东方电气,熊市,-78.99999999999977,-4.606413994169083,1.0,2024-07-10
2024-07-12,买入,16.65,100,1664.9999999999998,600875,东方电气,熊市,,,,
2024-07-24,卖出,16.02,100,1602.0,600875,东方电气,熊市,-62.99999999999977,-3.783783783783771,12.0,2024-07-12
2024-07-29,买入,16.3,100,1630.0,600875,东方电气,熊市,,,,
2024-08-05,卖出,15.77,100,1577.0,600875,东方电气,熊市,-53.0,-3.2515337423312882,7.0,2024-07-29
2024-08-08,买入,15.74,100,1574.0,600875,东方电气,熊市,,,,
2024-08-09,卖出,15.66,100,1566.0,600875,东方电气,熊市,-8.0,-0.5082592121982211,1.0,2024-08-08
2024-08-27,买入,13.75,100,1375.0,600875,东方电气,熊市,,,,
2024-08-28,卖出,13.44,100,1344.0,600875,东方电气,熊市,-31.0,-2.2545454545454544,1.0,2024-08-27
2024-08-29,买入,13.5,100,1350.0,600875,东方电气,熊市,,,,
2024-09-05,卖出,13.24,100,1324.0,600875,东方电气,熊市,-26.0,-1.925925925925926,7.0,2024-08-29
2024-09-11,买入,12.57,100,1257.0,600875,东方电气,熊市,,,,
2024-09-12,结算,12.71,100,1271.0,600875,东方电气,熊市,14.0,1.1137629276054097,1.0,2024-09-11
2025-05-07,买入,39.35,100,3935.0,601088,中国神华,牛市,,,,
2025-05-16,买入,39.95,100,3995.0000000000005,601088,中国神华,牛市,,,,
2025-05-20,卖出,39.22,100,3922.0,601088,中国神华,牛市,-13.0,-0.3303684879288437,13.0,2025-05-07
2025-05-20,卖出,39.22,100,3922.0,601088,中国神华,牛市,-73.00000000000045,-1.8272841051314253,4.0,2025-05-16
2025-05-22,买入,39.96,100,3996.0,601088,中国神华,牛市,,,,
2025-05-27,卖出,39.71,100,3971.0,601088,中国神华,牛市,-25.0,-0.6256256256256256,5.0,2025-05-22
2025-07-02,买入,40.94,100,4094.0,601088,中国神华,牛市,,,,
2025-07-04,卖出,40.4,100,4040.0,601088,中国神华,牛市,-54.0,-1.3190034196384954,2.0,2025-07-02
2025-07-17,买入,37.27,100,3727.0000000000005,601088,中国神华,牛市,,,,
2025-07-29,卖出,37.7,100,3770.0000000000005,601088,中国神华,牛市,43.0,1.153742956801717,12.0,2025-07-17
2025-07-31,买入,38.28,100,3828.0,601088,中国神华,牛市,,,,
2025-08-18,卖出,41.32,100,4132.0,601088,中国神华,牛市,304.0,7.941483803552769,18.0,2025-07-31
2025-08-19,买入,39.15,100,3915.0,601088,中国神华,牛市,,,,
2025-08-22,卖出,38.44,100,3844.0,601088,中国神华,牛市,-71.0,-1.8135376756066413,3.0,2025-08-19
2025-08-26,买入,39.13,100,3913.0000000000005,601088,中国神华,牛市,,,,
2025-08-28,卖出,38.11,100,3811.0,601088,中国神华,牛市,-102.00000000000045,-2.606695629951455,2.0,2025-08-26
2025-09-03,买入,38.17,100,3817.0,601088,中国神华,牛市,,,,
2025-09-19,买入,38.27,100,3827.0000000000005,601088,中国神华,牛市,,,,
2025-10-15,买入,40.64,100,4064.0,601088,中国神华,牛市,,,,
2025-10-22,卖出,41.8,100,4180.0,601088,中国神华,牛市,363.0,9.510086455331413,49.0,2025-09-03
2025-10-22,卖出,41.8,100,4180.0,601088,中国神华,牛市,352.99999999999955,9.223935197282454,33.0,2025-09-19
2025-10-22,卖出,41.8,100,4180.0,601088,中国神华,牛市,116.0,2.8543307086614176,7.0,2025-10-15
2025-10-24,买入,42.29,100,4229.0,601088,中国神华,牛市,,,,
2025-10-30,卖出,42.31,100,4231.0,601088,中国神华,牛市,2.0,0.04729250413809411,6.0,2025-10-24
2024-11-20,买入,40.85,100,4085.0,601088,中国神华,震荡,,,,
2024-11-26,卖出,39.63,100,3963.0000000000005,601088,中国神华,震荡,-121.99999999999955,-2.986536107711127,6.0,2024-11-20
2024-12-09,买入,41.9,100,4190.0,601088,中国神华,震荡,,,,
2024-12-12,买入,43.27,100,4327.0,601088,中国神华,震荡,,,,
2024-12-18,卖出,43.18,100,4318.0,601088,中国神华,震荡,128.0,3.054892601431981,9.0,2024-12-09
2024-12-18,卖出,43.18,100,4318.0,601088,中国神华,震荡,-9.0,-0.20799630228795934,6.0,2024-12-12
2025-01-17,买入,39.68,100,3968.0,601088,中国神华,震荡,,,,
2025-01-21,卖出,38.78,100,3878.0,601088,中国神华,震荡,-90.0,-2.2681451612903225,4.0,2025-01-17
2025-01-24,买入,38.62,100,3861.9999999999995,601088,中国神华,震荡,,,,
2025-02-19,卖出,36.62,100,3661.9999999999995,601088,中国神华,震荡,-200.0,-5.178663904712585,26.0,2025-01-24
2025-02-25,买入,35.53,100,3553.0,601088,中国神华,震荡,,,,
2025-03-14,买入,37.1,100,3710.0,601088,中国神华,震荡,,,,
2025-04-01,结算,38.65,100,3865.0,601088,中国神华,震荡,312.0,8.781311567689276,35.0,2025-02-25
2025-04-01,结算,38.65,100,3865.0,601088,中国神华,震荡,155.0,4.177897574123989,18.0,2025-03-14
2024-05-23,买入,41.71,100,4171.0,601088,中国神华,熊市,,,,
2024-06-03,卖出,42.7,100,4270.0,601088,中国神华,熊市,99.0,2.3735315272117,11.0,2024-05-23
2024-06-04,买入,43.22,100,4322.0,601088,中国神华,熊市,,,,
2024-06-05,卖出,42.31,100,4231.0,601088,中国神华,熊市,-91.0,-2.105506709856548,1.0,2024-06-04
2024-06-07,买入,44.21,100,4421.0,601088,中国神华,熊市,,,,
2024-07-03,买入,45.6,100,4560.0,601088,中国神华,熊市,,,,
2024-07-09,卖出,43.3,100,4330.0,601088,中国神华,熊市,-91.0,-2.0583578375933045,32.0,2024-06-07
2024-07-09,卖出,43.3,100,4330.0,601088,中国神华,熊市,-230.0,-5.0438596491228065,6.0,2024-07-03
2024-07-17,买入,42.38,100,4238.0,601088,中国神华,熊市,,,,
2024-07-29,卖出,40.58,100,4058.0,601088,中国神华,熊市,-180.0,-4.247286455875413,12.0,2024-07-17
2024-08-08,买入,39.0,100,3900.0,601088,中国神华,熊市,,,,
2024-09-02,卖出,40.51,100,4051.0,601088,中国神华,熊市,151.0,3.871794871794872,25.0,2024-08-08
2025-06-04,买入,5.58,100,558.0,601288,农业银行,牛市,,,,
2025-06-11,买入,5.61,100,561.0,601288,农业银行,牛市,,,,
2025-06-24,买入,5.89,100,589.0,601288,农业银行,牛市,,,,
2025-06-30,卖出,5.85,100,585.0,601288,农业银行,牛市,27.0,4.838709677419355,26.0,2025-06-04
2025-06-30,卖出,5.85,100,585.0,601288,农业银行,牛市,24.0,4.27807486631016,19.0,2025-06-11
2025-06-30,卖出,5.85,100,585.0,601288,农业银行,牛市,-4.0,-0.6791171477079796,6.0,2025-06-24
2025-07-07,买入,6.03,100,603.0,601288,农业银行,牛市,,,,
2025-07-14,卖出,6.32,100,632.0,601288,农业银行,牛市,29.0,4.809286898839138,7.0,2025-07-07
2025-07-25,买入,6.19,100,619.0,601288,农业银行,牛市,,,,
2025-08-04,买入,6.34,100,634.0,601288,农业银行,牛市,,,,
2025-08-28,卖出,7.08,100,708.0,601288,农业银行,牛市,89.0,14.378029079159935,34.0,2025-07-25
2025-08-28,卖出,7.08,100,708.0,601288,农业银行,牛市,74.0,11.67192429022082,24.0,2025-08-04
2025-09-24,买入,6.62,100,662.0,601288,农业银行,牛市,,,,
2025-10-31,卖出,8.05,100,805.0000000000001,601288,农业银行,牛市,143.0000000000001,21.60120845921452,37.0,2025-09-24
2024-11-04,买入,4.77,100,476.99999999999994,601288,农业银行,震荡,,,,
2024-11-12,卖出,4.68,100,468.0,601288,农业银行,震荡,-8.999999999999943,-1.8867924528301772,8.0,2024-11-04
2024-11-18,买入,4.72,100,472.0,601288,农业银行,震荡,,,,
2024-11-28,买入,4.82,100,482.0,601288,农业银行,震荡,,,,
2024-12-12,卖出,4.98,100,498.00000000000006,601288,农业银行,震荡,26.000000000000057,5.508474576271198,24.0,2024-11-18
2024-12-12,卖出,4.98,100,498.00000000000006,601288,农业银行,震荡,16.000000000000057,3.3195020746888084,14.0,2024-11-28
2024-12-17,买入,5.11,100,511.00000000000006,601288,农业银行,震荡,,,,
2024-12-18,卖出,5.12,100,512.0,601288,农业银行,震荡,0.9999999999999432,0.19569471624265028,1.0,2024-12-17
2024-12-24,买入,5.18,100,518.0,601288,农业银行,震荡,,,,
2024-12-30,卖出,5.29,100,529.0,601288,农业银行,震荡,11.0,2.1235521235521233,6.0,2024-12-24
2024-12-31,买入,5.37,100,537.0,601288,农业银行,震荡,,,,
2025-01-03,卖出,5.19,100,519.0,601288,农业银行,震荡,-18.0,-3.35195530726257,3.0,2024-12-31
2025-01-16,买入,5.09,100,509.0,601288,农业银行,震荡,,,,
2025-01-21,卖出,5.02,100,501.99999999999994,601288,农业银行,震荡,-7.000000000000057,-1.3752455795677911,5.0,2025-01-16
2025-01-24,买入,5.05,100,505.0,601288,农业银行,震荡,,,,
2025-02-14,买入,5.17,100,517.0,601288,农业银行,震荡,,,,
2025-02-24,卖出,5.16,100,516.0,601288,农业银行,震荡,11.0,2.178217821782178,31.0,2025-01-24
2025-02-24,卖出,5.16,100,516.0,601288,农业银行,震荡,-1.0,-0.19342359767891684,10.0,2025-02-14
2025-03-06,买入,5.15,100,515.0,601288,农业银行,震荡,,,,
2025-03-11,卖出,5.05,100,505.0,601288,农业银行,震荡,-10.0,-1.9417475728155338,5.0,2025-03-06
2025-03-27,买入,5.15,100,515.0,601288,农业银行,震荡,,,,
2025-03-31,卖出,5.13,100,513.0,601288,农业银行,震荡,-2.0,-0.3883495145631068,4.0,2025-03-27
2025-04-01,买入,5.17,100,517.0,601288,农业银行,震荡,,,,
2025-04-01,结算,5.13,100,513.0,601288,农业银行,震荡,-4.0,-0.7736943907156674,0.0,2025-04-01
2024-06-17,买入,4.24,100,424.0,601288,农业银行,熊市,,,,
2024-06-18,卖出,4.17,100,417.0,601288,农业银行,熊市,-7.0,-1.650943396226415,1.0,2024-06-17
2024-06-20,买入,4.22,100,422.0,601288,农业银行,熊市,,,,
2024-07-03,买入,4.53,100,453.0,601288,农业银行,熊市,,,,
2024-07-19,卖出,4.71,100,471.0,601288,农业银行,熊市,49.0,11.61137440758294,29.0,2024-06-20
2024-07-19,卖出,4.71,100,471.0,601288,农业银行,熊市,18.0,3.9735099337748347,16.0,2024-07-03
2024-07-25,买入,4.77,100,476.99999999999994,601288,农业银行,熊市,,,,
2024-07-26,卖出,4.71,100,471.0,601288,农业银行,熊市,-5.999999999999943,-1.257861635220114,1.0,2024-07-25
2024-08-12,买入,4.61,100,461.00000000000006,601288,农业银行,熊市,,,,
2024-08-30,卖出,4.67,100,467.0,601288,农业银行,熊市,5.999999999999943,1.3015184381778617,18.0,2024-08-12
2024-09-11,买入,4.6,100,459.99999999999994,601288,农业银行,熊市,,,,
2024-09-12,卖出,4.45,100,445.0,601288,农业银行,熊市,-14.999999999999943,-3.2608695652173796,1.0,2024-09-11
2025-05-07,买入,7.39,100,739.0,601319,中国人保,牛市,,,,
2025-05-19,卖出,8.21,100,821.0000000000001,601319,中国人保,牛市,82.00000000000011,11.0960757780785,12.0,2025-05-07
2025-05-23,买入,8.35,100,835.0,601319,中国人保,牛市,,,,
2025-05-26,卖出,8.23,100,823.0,601319,中国人保,牛市,-12.0,-1.437125748502994,3.0,2025-05-23
2025-06-04,买入,8.32,100,832.0,601319,中国人保,牛市,,,,
2025-06-09,买入,8.29,100,828.9999999999999,601319,中国人保,牛市,,,,
2025-06-10,卖出,8.26,100,826.0,601319,中国人保,牛市,-6.0,-0.7211538461538461,6.0,2025-06-04
2025-06-10,卖出,8.26,100,826.0,601319,中国人保,牛市,-2.9999999999998863,-0.3618817852834604,1.0,2025-06-09
2025-06-12,买入,8.37,100,836.9999999999999,601319,中国人保,牛市,,,,
2025-06-19,卖出,8.46,100,846.0000000000001,601319,中国人保,牛市,9.000000000000227,1.0752688172043283,7.0,2025-06-12
2025-06-24,买入,8.65,100,865.0,601319,中国人保,牛市,,,,
2025-06-30,卖出,8.75,100,875.0,601319,中国人保,牛市,10.0,1.1560693641618496,6.0,2025-06-24
2025-07-15,买入,8.55,100,855.0000000000001,601319,中国人保,牛市,,,,
2025-07-16,卖出,8.41,100,841.0,601319,中国人保,牛市,-14.000000000000114,-1.6374269005848083,1.0,2025-07-15
2025-07-30,买入,8.52,100,852.0,601319,中国人保,牛市,,,,
2025-08-01,卖出,8.16,100,816.0,601319,中国人保,牛市,-36.0,-4.225352112676056,2.0,2025-07-30
2025-08-15,买入,8.46,100,846.0000000000001,601319,中国人保,牛市,,,,
2025-08-28,卖出,8.51,100,851.0,601319,中国人保,牛市,4.999999999999886,0.5910165484633434,13.0,2025-08-15
2025-08-29,买入,8.75,100,875.0,601319,中国人保,牛市,,,,
2025-09-02,卖出,8.75,100,875.0,601319,中国人保,牛市,0.0,0.0,4.0,2025-08-29
2025-09-18,买入,8.11,100,811.0,601319,中国人保,牛市,,,,
2025-09-22,卖出,7.76,100,776.0,601319,中国人保,牛市,-35.0,-4.315659679408138,4.0,2025-09-18
2025-09-23,买入,7.74,100,774.0,601319,中国人保,牛市,,,,
2025-09-26,卖出,7.68,100,768.0,601319,中国人保,牛市,-6.0,-0.7751937984496124,3.0,2025-09-23
2025-09-29,买入,7.73,100,773.0,601319,中国人保,牛市,,,,
2025-10-31,卖出,8.8,100,880.0000000000001,601319,中国人保,牛市,107.00000000000011,13.842173350582163,32.0,2025-09-29
2024-11-11,买入,7.5,100,750.0,601319,中国人保,震荡,,,,
2024-11-13,卖出,7.22,100,722.0,601319,中国人保,震荡,-28.0,-3.733333333333334,2.0,2024-11-11
2024-11-28,买入,7.25,100,725.0,601319,中国人保,震荡,,,,
2024-12-10,买入,7.79,100,779.0,601319,中国人保,震荡,,,,
2024-12-17,卖出,7.42,100,742.0,601319,中国人保,震荡,17.0,2.344827586206897,19.0,2024-11-28
2024-12-17,卖出,7.42,100,742.0,601319,中国人保,震荡,-37.0,-4.7496790757381255,7.0,2024-12-10
2024-12-25,买入,7.56,100,756.0,601319,中国人保,震荡,,,,
2025-01-03,卖出,7.16,100,716.0,601319,中国人保,震荡,-40.0,-5.291005291005291,9.0,2024-12-25
2025-01-15,买入,6.82,100,682.0,601319,中国人保,震荡,,,,
2025-02-05,买入,7.18,100,718.0,601319,中国人保,震荡,,,,
2025-03-04,卖出,6.6,100,660.0,601319,中国人保,震荡,-22.0,-3.225806451612903,48.0,2025-01-15
2025-03-04,卖出,6.6,100,660.0,601319,中国人保,震荡,-58.0,-8.07799442896936,27.0,2025-02-05
2025-03-07,买入,6.71,100,671.0,601319,中国人保,震荡,,,,
2025-03-12,卖出,6.61,100,661.0,601319,中国人保,震荡,-10.0,-1.4903129657228018,5.0,2025-03-07
2025-03-13,买入,6.61,100,661.0,601319,中国人保,震荡,,,,
2025-03-31,卖出,6.8,100,680.0,601319,中国人保,震荡,19.0,2.8744326777609683,18.0,2025-03-13
2024-06-17,买入,5.16,100,516.0,601319,中国人保,熊市,,,,
2024-06-25,卖出,5.14,100,514.0,601319,中国人保,熊市,-2.0,-0.3875968992248062,8.0,2024-06-17
2024-06-26,买入,5.12,100,512.0,601319,中国人保,熊市,,,,
2024-07-05,买入,5.25,100,525.0,601319,中国人保,熊市,,,,
2024-07-09,卖出,5.15,100,515.0,601319,中国人保,熊市,3.0,0.5859375,13.0,2024-06-26
2024-07-09,卖出,5.15,100,515.0,601319,中国人保,熊市,-10.0,-1.9047619047619049,4.0,2024-07-05
2024-07-23,买入,5.48,100,548.0,601319,中国人保,熊市,,,,
2024-07-25,卖出,5.48,100,548.0,601319,中国人保,熊市,0.0,0.0,2.0,2024-07-23
2024-07-30,买入,5.57,100,557.0,601319,中国人保,熊市,,,,
2024-08-06,卖出,5.7,100,570.0,601319,中国人保,熊市,13.0,2.333931777378815,7.0,2024-07-30
2024-08-16,买入,5.56,100,556.0,601319,中国人保,熊市,,,,
2024-08-26,买入,5.78,100,578.0,601319,中国人保,熊市,,,,
2024-08-30,卖出,5.86,100,586.0,601319,中国人保,熊市,30.0,5.39568345323741,14.0,2024-08-16
2024-08-30,卖出,5.86,100,586.0,601319,中国人保,熊市,8.0,1.384083044982699,4.0,2024-08-26
2024-09-03,买入,6.06,100,606.0,601319,中国人保,熊市,,,,
2024-09-05,卖出,6.06,100,606.0,601319,中国人保,熊市,0.0,0.0,2.0,2024-09-03
2025-05-13,买入,8.16,100,816.0,601857,中国石油,牛市,,,,
2025-05-19,卖出,8.15,100,815.0,601857,中国石油,牛市,-1.0,-0.12254901960784313,6.0,2025-05-13
2025-05-23,买入,8.3,100,830.0000000000001,601857,中国石油,牛市,,,,
2025-05-26,卖出,8.19,100,819.0,601857,中国石油,牛市,-11.000000000000114,-1.3253012048192907,3.0,2025-05-23
2025-06-06,买入,8.4,100,840.0,601857,中国石油,牛市,,,,
2025-06-16,卖出,9.03,100,902.9999999999999,601857,中国石油,牛市,62.999999999999886,7.499999999999986,10.0,2025-06-06
2025-06-18,买入,9.2,100,919.9999999999999,601857,中国石油,牛市,,,,
2025-06-24,卖出,8.85,100,885.0,601857,中国石油,牛市,-34.999999999999886,-3.804347826086945,6.0,2025-06-18
2025-07-07,买入,8.6,100,860.0,601857,中国石油,牛市,,,,
2025-07-28,卖出,8.67,100,867.0,601857,中国石油,牛市,7.0,0.813953488372093,21.0,2025-07-07
2025-08-07,买入,8.62,100,861.9999999999999,601857,中国石油,牛市,,,,
2025-09-04,买入,9.01,100,901.0,601857,中国石油,牛市,,,,
2025-09-08,卖出,8.82,100,882.0,601857,中国石油,牛市,20.000000000000114,2.3201856148492013,32.0,2025-08-07
2025-09-08,卖出,8.82,100,882.0,601857,中国石油,牛市,-19.0,-2.108768035516093,4.0,2025-09-04
2025-09-25,买入,8.15,100,815.0,601857,中国石油,牛市,,,,
2025-10-09,卖出,8.07,100,807.0,601857,中国石油,牛市,-8.0,-0.98159509202454,14.0,2025-09-25
2025-10-10,买入,8.23,100,823.0,601857,中国石油,牛市,,,,
2025-10-20,买入,8.4,100,840.0,601857,中国石油,牛市,,,,
2025-10-31,结算,9.15,100,915.0,601857,中国石油,牛市,92.0,11.178614823815309,21.0,2025-10-10
2025-10-31,结算,9.15,100,915.0,601857,中国石油,牛市,75.0,8.928571428571429,11.0,2025-10-20
2024-11-04,买入,8.31,100,831.0,601857,中国石油,震荡,,,,
2024-11-27,买入,7.98,100,798.0,601857,中国石油,震荡,,,,
2024-12-03,买入,8.01,100,801.0,601857,中国石油,震荡,,,,
2024-12-16,卖出,8.26,100,826.0,601857,中国石油,震荡,-5.0,-0.601684717208183,42.0,2024-11-04
2024-12-16,卖出,8.26,100,826.0,601857,中国石油,震荡,28.0,3.508771929824561,19.0,2024-11-27
2024-12-16,卖出,8.26,100,826.0,601857,中国石油,震荡,25.0,3.1210986267166043,13.0,2024-12-03
2024-12-17,买入,8.43,100,843.0,601857,中国石油,震荡,,,,
2024-12-23,卖出,8.38,100,838.0000000000001,601857,中国石油,震荡,-4.999999999999886,-0.5931198102016473,6.0,2024-12-17
2024-12-24,买入,8.54,100,853.9999999999999,601857,中国石油,震荡,,,,
2025-01-03,卖出,8.81,100,881.0,601857,中国石油,震荡,27.000000000000114,3.1615925058548147,10.0,2024-12-24
2025-01-09,买入,8.99,100,899.0,601857,中国石油,震荡,,,,
2025-01-10,卖出,8.86,100,886.0,601857,中国石油,震荡,-13.0,-1.4460511679644048,1.0,2025-01-09
2025-02-10,买入,8.25,100,825.0,601857,中国石油,震荡,,,,
2025-02-17,卖出,8.08,100,808.0,601857,中国石油,震荡,-17.0,-2.0606060606060606,7.0,2025-02-10
2025-02-28,买入,7.85,100,785.0,601857,中国石油,震荡,,,,
2025-03-05,卖出,7.6,100,760.0,601857,中国石油,震荡,-25.0,-3.1847133757961785,5.0,2025-02-28
2025-03-10,买入,7.68,100,768.0,601857,中国石油,震荡,,,,
2025-03-20,买入,7.88,100,788.0,601857,中国石油,震荡,,,,
2025-04-01,结算,8.25,100,825.0,601857,中国石油,震荡,57.0,7.421875,22.0,2025-03-10
2025-04-01,结算,8.25,100,825.0,601857,中国石油,震荡,37.0,4.695431472081219,12.0,2025-03-20
2024-05-21,买入,10.13,100,1013.0000000000001,601857,中国石油,熊市,,,,
2024-05-30,买入,10.36,100,1036.0,601857,中国石油,熊市,,,,
2024-06-05,卖出,9.95,100,994.9999999999999,601857,中国石油,熊市,-18.000000000000227,-1.7769002961500715,15.0,2024-05-21
2024-06-05,卖出,9.95,100,994.9999999999999,601857,中国石油,熊市,-41.000000000000114,-3.9575289575289685,6.0,2024-05-30
2024-06-14,买入,9.87,100,986.9999999999999,601857,中国石油,熊市,,,,
2024-06-17,卖出,9.8,100,980.0000000000001,601857,中国石油,熊市,-6.999999999999773,-0.7092198581560054,3.0,2024-06-14
2024-06-20,买入,9.87,100,986.9999999999999,601857,中国石油,熊市,,,,
2024-07-03,买入,10.65,100,1065.0,601857,中国石油,熊市,,,,
2024-07-11,卖出,10.35,100,1035.0,601857,中国石油,熊市,48.000000000000114,4.863221884498492,21.0,2024-06-20
2024-07-11,卖出,10.35,100,1035.0,601857,中国石油,熊市,-30.0,-2.8169014084507045,8.0,2024-07-03
2024-07-17,买入,10.46,100,1046.0,601857,中国石油,熊市,,,,
2024-07-18,卖出,10.12,100,1011.9999999999999,601857,中国石油,熊市,-34.000000000000114,-3.250478011472286,1.0,2024-07-17
2024-08-01,买入,9.07,100,907.0,601857,中国石油,熊市,,,,
2024-08-06,卖出,8.48,100,848.0,601857,中国石油,熊市,-59.0,-6.504961411245866,5.0,2024-08-01
2024-08-08,买入,8.65,100,865.0,601857,中国石油,熊市,,,,
2024-08-20,买入,9.04,100,903.9999999999999,601857,中国石油,熊市,,,,
2024-08-30,卖出,8.9,100,890.0,601857,中国石油,熊市,25.0,2.8901734104046244,22.0,2024-08-08
2024-08-30,卖出,8.9,100,890.0,601857,中国石油,熊市,-13.999999999999886,-1.5486725663716692,10.0,2024-08-20
2025-06-13,买入,6.35,100,635.0,601872,招商轮船,牛市,,,,
2025-06-23,卖出,6.77,100,677.0,601872,招商轮船,牛市,42.0,6.6141732283464565,10.0,2025-06-13
2025-07-04,买入,6.14,100,614.0,601872,招商轮船,牛市,,,,
2025-07-07,卖出,6.13,100,613.0,601872,招商轮船,牛市,-1.0,-0.16286644951140067,3.0,2025-07-04
2025-07-24,买入,6.25,100,625.0,601872,招商轮船,牛市,,,,
2025-07-29,卖出,6.16,100,616.0,601872,招商轮船,牛市,-9.0,-1.44,5.0,2025-07-24
2025-08-21,买入,6.14,100,614.0,601872,招商轮船,牛市,,,,
2025-09-01,卖出,6.55,100,655.0,601872,招商轮船,牛市,41.0,6.677524429967427,11.0,2025-08-21
2025-09-02,买入,6.67,100,667.0,601872,招商轮船,牛市,,,,
2025-09-12,卖出,8.53,100,852.9999999999999,601872,招商轮船,牛市,185.9999999999999,27.88605697151423,10.0,2025-09-02
2025-09-15,买入,8.7,100,869.9999999999999,601872,招商轮船,牛市,,,,
2025-09-19,卖出,8.6,100,860.0,601872,招商轮船,牛市,-9.999999999999886,-1.149425287356309,4.0,2025-09-15
2025-09-25,买入,8.85,100,885.0,601872,招商轮船,牛市,,,,
2025-09-26,卖出,8.57,100,857.0,601872,招商轮船,牛市,-28.0,-3.1638418079096042,1.0,2025-09-25
2025-10-09,买入,8.45,100,844.9999999999999,601872,招商轮船,牛市,,,,
2025-10-10,卖出,8.5,100,850.0,601872,招商轮船,牛市,5.000000000000114,0.5917159763313745,1.0,2025-10-09
2025-10-13,买入,8.93,100,893.0,601872,招商轮船,牛市,,,,
2025-10-29,卖出,8.4,100,840.0,601872,招商轮船,牛市,-53.0,-5.93505039193729,16.0,2025-10-13
2025-10-30,买入,8.98,100,898.0,601872,招商轮船,牛市,,,,
2025-10-31,结算,9.26,100,926.0,601872,招商轮船,牛市,28.0,3.11804008908686,1.0,2025-10-30
2024-11-04,买入,6.87,100,687.0,601872,招商轮船,震荡,,,,
2024-11-18,卖出,6.82,100,682.0,601872,招商轮船,震荡,-5.0,-0.727802037845706,14.0,2024-11-04
2024-12-04,买入,6.35,100,635.0,601872,招商轮船,震荡,,,,
2025-01-06,卖出,6.26,100,626.0,601872,招商轮船,震荡,-9.0,-1.4173228346456692,33.0,2024-12-04
2025-01-17,买入,6.87,100,687.0,601872,招商轮船,震荡,,,,
2025-01-24,卖出,6.85,100,685.0,601872,招商轮船,震荡,-2.0,-0.2911208151382824,7.0,2025-01-17
2025-02-06,买入,7.04,100,704.0,601872,招商轮船,震荡,,,,
2025-02-17,卖出,6.83,100,683.0,601872,招商轮船,震荡,-21.0,-2.9829545454545454,11.0,2025-02-06
2025-02-28,买入,6.36,100,636.0,601872,招商轮船,震荡,,,,
2025-03-04,卖出,6.23,100,623.0,601872,招商轮船,震荡,-13.0,-2.044025157232704,4.0,2025-02-28
2025-03-05,买入,6.24,100,624.0,601872,招商轮船,震荡,,,,
2025-03-17,买入,6.4,100,640.0,601872,招商轮船,震荡,,,,
2025-03-27,卖出,6.39,100,639.0,601872,招商轮船,震荡,15.0,2.403846153846154,22.0,2025-03-05
2025-03-27,卖出,6.39,100,639.0,601872,招商轮船,震荡,-1.0,-0.15625,10.0,2025-03-17
2025-04-01,买入,6.53,100,653.0,601872,招商轮船,震荡,,,,
2025-04-01,结算,6.61,100,661.0,601872,招商轮船,震荡,8.0,1.2251148545176112,0.0,2025-04-01
2024-05-29,买入,9.49,100,949.0,601872,招商轮船,熊市,,,,
2024-06-13,卖出,8.75,100,875.0,601872,招商轮船,熊市,-74.0,-7.797681770284511,15.0,2024-05-29
2024-06-21,买入,8.64,100,864.0,601872,招商轮船,熊市,,,,
2024-06-28,卖出,8.2,100,819.9999999999999,601872,招商轮船,熊市,-44.000000000000114,-5.092592592592606,7.0,2024-06-21
2024-07-01,买入,8.46,100,846.0000000000001,601872,招商轮船,熊市,,,,
2024-07-08,买入,8.78,100,877.9999999999999,601872,招商轮船,熊市,,,,
2024-07-18,卖出,7.9,100,790.0,601872,招商轮船,熊市,-56.000000000000114,-6.61938534278961,17.0,2024-07-01
2024-07-18,卖出,7.9,100,790.0,601872,招商轮船,熊市,-87.99999999999989,-10.02277904328017,10.0,2024-07-08
2024-07-19,买入,8.04,100,803.9999999999999,601872,招商轮船,熊市,,,,
2024-07-26,卖出,7.7,100,770.0,601872,招商轮船,熊市,-33.999999999999886,-4.228855721393021,7.0,2024-07-19
2024-08-01,买入,7.76,100,776.0,601872,招商轮船,熊市,,,,
2024-08-06,卖出,7.44,100,744.0,601872,招商轮船,熊市,-32.0,-4.123711340206185,5.0,2024-08-01
2024-08-07,买入,7.75,100,775.0,601872,招商轮船,熊市,,,,
2024-08-12,卖出,7.55,100,755.0,601872,招商轮船,熊市,-20.0,-2.5806451612903225,5.0,2024-08-07
2024-08-13,买入,7.77,100,777.0,601872,招商轮船,熊市,,,,
2024-08-20,买入,8.26,100,826.0,601872,招商轮船,熊市,,,,
2024-08-30,卖出,7.75,100,775.0,601872,招商轮船,熊市,-2.0,-0.2574002574002574,17.0,2024-08-13
2024-08-30,卖出,7.75,100,775.0,601872,招商轮船,熊市,-51.0,-6.174334140435835,10.0,2024-08-20
2025-05-30,买入,25.43,100,2543.0,603816,中国人保,牛市,,,,
2025-06-04,卖出,24.8,100,2480.0,603816,中国人保,牛市,-63.0,-2.477388910735352,5.0,2025-05-30
2025-06-05,买入,25.04,100,2504.0,603816,中国人保,牛市,,,,
2025-06-23,卖出,24.66,100,2466.0,603816,中国人保,牛市,-38.0,-1.5175718849840254,18.0,2025-06-05
2025-06-25,买入,24.93,100,2493.0,603816,中国人保,牛市,,,,
2025-07-07,卖出,24.34,100,2434.0,603816,中国人保,牛市,-59.0,-2.366626554352186,12.0,2025-06-25
2025-07-23,买入,25.57,100,2557.0,603816,中国人保,牛市,,,,
2025-08-01,卖出,25.31,100,2531.0,603816,中国人保,牛市,-26.0,-1.0168165819319515,9.0,2025-07-23
2025-08-07,买入,25.92,100,2592.0,603816,中国人保,牛市,,,,
2025-08-28,卖出,28.98,100,2898.0,603816,中国人保,牛市,306.0,11.805555555555555,21.0,2025-08-07
2025-09-08,买入,29.6,100,2960.0,603816,中国人保,牛市,,,,
2025-09-12,买入,30.85,100,3085.0,603816,中国人保,牛市,,,,
2025-09-15,卖出,30.0,100,3000.0,603816,中国人保,牛市,40.0,1.3513513513513513,7.0,2025-09-08
2025-09-15,卖出,30.0,100,3000.0,603816,中国人保,牛市,-85.0,-2.755267423014587,3.0,2025-09-12
2025-09-18,买入,31.13,100,3113.0,603816,中国人保,牛市,,,,
2025-09-19,卖出,30.3,100,3030.0,603816,中国人保,牛市,-83.0,-2.6662383552842917,1.0,2025-09-18
2025-09-22,买入,31.6,100,3160.0,603816,中国人保,牛市,,,,
2025-09-23,卖出,30.72,100,3072.0,603816,中国人保,牛市,-88.0,-2.7848101265822782,1.0,2025-09-22
2025-10-17,买入,30.19,100,3019.0,603816,中国人保,牛市,,,,
2025-10-21,卖出,29.8,100,2980.0,603816,中国人保,牛市,-39.0,-1.2918184829413715,4.0,2025-10-17
2025-10-23,买入,30.4,100,3040.0,603816,中国人保,牛市,,,,
2025-10-30,买入,31.2,100,3120.0,603816,中国人保,牛市,,,,
2025-10-31,结算,30.81,100,3081.0,603816,中国人保,牛市,41.0,1.348684210526316,8.0,2025-10-23
2025-10-31,结算,30.81,100,3081.0,603816,中国人保,牛市,-39.0,-1.25,1.0,2025-10-30
2024-11-06,买入,32.96,100,3296.0,603816,中国人保,震荡,,,,
2024-11-13,卖出,31.8,100,3180.0,603816,中国人保,震荡,-116.0,-3.5194174757281553,7.0,2024-11-06
2024-11-22,买入,28.87,100,2887.0,603816,中国人保,震荡,,,,
2024-11-25,卖出,28.06,100,2806.0,603816,中国人保,震荡,-81.0,-2.805680637339799,3.0,2024-11-22
2024-11-28,买入,28.03,100,2803.0,603816,中国人保,震荡,,,,
2024-12-11,买入,28.73,100,2873.0,603816,中国人保,震荡,,,,
2024-12-17,卖出,28.19,100,2819.0,603816,中国人保,震荡,16.0,0.5708169818052087,19.0,2024-11-28
2024-12-17,卖出,28.19,100,2819.0,603816,中国人保,震荡,-54.0,-1.8795683954054996,6.0,2024-12-11
2024-12-30,买入,27.7,100,2770.0,603816,中国人保,震荡,,,,
2025-01-02,卖出,27.52,100,2752.0,603816,中国人保,震荡,-18.0,-0.6498194945848376,3.0,2024-12-30
2025-01-03,买入,28.34,100,2834.0,603816,中国人保,震荡,,,,
2025-01-13,卖出,27.0,100,2700.0,603816,中国人保,震荡,-134.0,-4.728299223712068,10.0,2025-01-03
2025-01-22,买入,27.83,100,2783.0,603816,中国人保,震荡,,,,
2025-02-19,卖出,28.2,100,2820.0,603816,中国人保,震荡,37.0,1.329500538986705,28.0,2025-01-22
2025-02-28,买入,28.2,100,2820.0,603816,中国人保,震荡,,,,
2025-03-31,卖出,26.2,100,2620.0,603816,中国人保,震荡,-200.0,-7.092198581560284,31.0,2025-02-28
2024-05-24,买入,37.85,100,3785.0,603816,中国人保,熊市,,,,
2024-05-27,卖出,36.95,100,3695.0000000000005,603816,中国人保,熊市,-89.99999999999955,-2.3778071334213884,3.0,2024-05-24
2024-06-05,买入,36.87,100,3686.9999999999995,603816,中国人保,熊市,,,,
2024-06-11,卖出,34.79,100,3479.0,603816,中国人保,熊市,-207.99999999999955,-5.641442907512872,6.0,2024-06-05
2024-06-24,买入,32.85,100,3285.0,603816,中国人保,熊市,,,,
2024-07-01,卖出,32.22,100,3222.0,603816,中国人保,熊市,-63.0,-1.9178082191780823,7.0,2024-06-24
2024-07-02,买入,33.1,100,3310.0,603816,中国人保,熊市,,,,
2024-07-03,卖出,31.74,100,3174.0,603816,中国人保,熊市,-136.0,-4.108761329305136,1.0,2024-07-02
2024-07-12,买入,27.69,100,2769.0,603816,中国人保,熊市,,,,
2024-07-16,卖出,25.54,100,2554.0,603816,中国人保,熊市,-215.0,-7.764535933550018,4.0,2024-07-12
2024-07-18,买入,25.58,100,2558.0,603816,中国人保,熊市,,,,
2024-07-23,卖出,24.89,100,2489.0,603816,中国人保,熊市,-69.0,-2.697419859265051,5.0,2024-07-18
2024-07-29,买入,23.7,100,2370.0,603816,中国人保,熊市,,,,
2024-08-09,买入,26.49,100,2649.0,603816,中国人保,熊市,,,,
2024-08-26,卖出,25.0,100,2500.0,603816,中国人保,熊市,130.0,5.485232067510549,28.0,2024-07-29
2024-08-26,卖出,25.0,100,2500.0,603816,中国人保,熊市,-149.0,-5.624764061910155,17.0,2024-08-09
2024-09-02,买入,24.1,100,2410.0,603816,中国人保,熊市,,,,
2024-09-12,结算,22.57,100,2257.0,603816,中国人保,熊市,-153.0,-6.348547717842323,10.0,2024-09-02
