日期,类型,价格,数量,金额,股票代码,股票名称,阶段,利润,利润率
2025-05-07,买入,43.38,2300,99774.0,34,神州数码,牛市,,
2025-05-16,卖出,39.0,2300,89700.0,34,神州数码,牛市,-10074.0,-10.096818810511756
2025-06-05,买入,37.37,2400,89688.0,34,神州数码,牛市,,
2025-06-17,卖出,36.35,2400,87240.0,34,神州数码,牛市,-2448.0,-2.7294621354027293
2025-06-25,买入,36.79,2300,84617.0,34,神州数码,牛市,,
2025-07-14,卖出,37.4,2300,86020.0,34,神州数码,牛市,1403.0,1.6580592552324
2025-07-23,买入,38.2,2300,87860.0,34,神州数码,牛市,,
2025-07-30,卖出,39.38,2300,90574.0,34,神州数码,牛市,2714.0,3.0890052356020945
2025-08-08,买入,40.75,2200,89650.0,34,神州数码,牛市,,
2025-08-11,卖出,39.9,2200,87780.0,34,神州数码,牛市,-1870.0,-2.085889570552147
2025-08-13,买入,40.92,2100,85932.0,34,神州数码,牛市,,
2025-08-28,卖出,46.08,2100,96768.0,34,神州数码,牛市,10836.0,12.609970674486803
2025-09-15,买入,43.18,2300,99314.0,34,神州数码,牛市,,
2025-09-22,卖出,45.66,2300,105017.99999999999,34,神州数码,牛市,5703.999999999985,5.743399722093547
2025-09-29,买入,44.55,2300,102465.0,34,神州数码,牛市,,
2025-10-14,卖出,40.94,2300,94162.0,34,神州数码,牛市,-8303.0,-8.103254769921437
2025-10-24,买入,39.21,2400,94104.0,34,神州数码,牛市,,
2025-10-31,结算,43.03,2400,103272.0,34,神州数码,牛市,9168.0,9.742412649834225
2024-11-06,买入,37.4,2600,97240.0,34,神州数码,震荡,,
2024-11-14,卖出,37.51,2600,97526.0,34,神州数码,震荡,286.0,0.29411764705882354
2024-12-03,买入,34.9,2800,97720.0,34,神州数码,震荡,,
2024-12-19,卖出,33.88,2800,94864.0,34,神州数码,震荡,-2856.0,-2.9226361031518624
2025-01-15,买入,32.3,3000,96899.99999999999,34,神州数码,震荡,,
2025-02-26,卖出,53.92,3000,161760.0,34,神州数码,震荡,64860.000000000015,66.93498452012386
2025-03-17,买入,48.03,3300,158499.0,34,神州数码,震荡,,
2025-03-31,卖出,41.0,3300,135300.0,34,神州数码,震荡,-23199.0,-14.636685404955236
2024-05-22,买入,30.31,3200,96992.0,34,神州数码,熊市,,
2024-06-12,卖出,28.24,3200,90368.0,34,神州数码,熊市,-6624.0,-6.829429231276807
2024-06-28,买入,22.75,4100,93275.0,34,神州数码,熊市,,
2024-07-05,卖出,21.7,4100,88970.0,34,神州数码,熊市,-4305.0,-4.615384615384616
2024-07-10,买入,22.27,3900,86853.0,34,神州数码,熊市,,
2024-07-24,卖出,23.34,3900,91026.0,34,神州数码,熊市,4173.0,4.804669959586888
2024-09-05,买入,25.45,3600,91620.0,34,神州数码,熊市,,
2024-09-10,卖出,24.31,3600,87516.0,34,神州数码,熊市,-4104.0,-4.479371316306483
2024-09-11,买入,25.01,3500,87535.0,34,神州数码,熊市,,
2024-09-12,卖出,24.8,3500,86800.0,34,神州数码,熊市,-735.0,-0.8396641343462616
2025-05-07,买入,6.1,16300,99430.0,703,恒逸石化,牛市,,
2025-05-14,卖出,6.06,16300,98778.0,703,恒逸石化,牛市,-652.0,-0.6557377049180327
2025-05-15,买入,6.07,16300,98941.0,703,恒逸石化,牛市,,
2025-05-19,卖出,6.02,16300,98126.0,703,恒逸石化,牛市,-815.0,-0.8237232289950577
2025-07-11,买入,5.94,16500,98010.0,703,恒逸石化,牛市,,
2025-07-16,卖出,5.82,16500,96030.0,703,恒逸石化,牛市,-1980.0,-2.0202020202020203
2025-07-21,买入,5.95,16200,96390.0,703,恒逸石化,牛市,,
2025-08-01,卖出,5.99,16200,97038.0,703,恒逸石化,牛市,648.0,0.6722689075630253
2025-08-22,买入,6.29,15400,96866.0,703,恒逸石化,牛市,,
2025-08-28,卖出,6.3,15400,97020.0,703,恒逸石化,牛市,154.0,0.1589825119236884
2025-09-02,买入,6.54,14800,96792.0,703,恒逸石化,牛市,,
2025-09-04,卖出,6.4,14800,94720.0,703,恒逸石化,牛市,-2072.0,-2.1406727828746175
2025-09-09,买入,6.68,14200,94856.0,703,恒逸石化,牛市,,
2025-09-17,卖出,6.49,14200,92158.0,703,恒逸石化,牛市,-2698.0,-2.844311377245509
2025-10-23,买入,6.66,13900,92574.0,703,恒逸石化,牛市,,
2025-10-31,结算,6.7,13900,93130.0,703,恒逸石化,牛市,556.0,0.6006006006006006
2024-11-11,买入,6.5,15300,99450.0,703,恒逸石化,震荡,,
2024-11-18,卖出,6.54,15300,100062.0,703,恒逸石化,震荡,612.0,0.6153846153846154
2024-12-02,买入,6.22,16100,100142.0,703,恒逸石化,震荡,,
2025-01-06,卖出,5.99,16100,96439.0,703,恒逸石化,震荡,-3703.0,-3.697749196141479
2025-03-10,买入,6.16,15700,96712.0,703,恒逸石化,震荡,,
2025-03-14,卖出,6.1,15700,95770.0,703,恒逸石化,震荡,-942.0,-0.974025974025974
2025-03-26,买入,6.11,15700,95927.0,703,恒逸石化,震荡,,
2025-04-01,结算,6.03,15700,94671.0,703,恒逸石化,震荡,-1256.0,-1.309328968903437
2024-06-17,买入,6.98,14300,99814.0,703,恒逸石化,熊市,,
2024-06-18,卖出,6.95,14300,99385.0,703,恒逸石化,熊市,-429.0,-0.42979942693409745
2024-06-19,买入,7.13,13900,99107.0,703,恒逸石化,熊市,,
2024-06-26,卖出,6.9,13900,95910.0,703,恒逸石化,熊市,-3197.0,-3.225806451612903
2024-07-08,买入,7.19,13400,96346.0,703,恒逸石化,熊市,,
2024-07-09,卖出,7.16,13400,95944.0,703,恒逸石化,熊市,-402.0,-0.4172461752433936
2024-07-16,买入,7.56,12600,95256.0,703,恒逸石化,熊市,,
2024-07-19,卖出,7.49,12600,94374.0,703,恒逸石化,熊市,-882.0,-0.9259259259259258
2024-08-02,买入,6.33,15000,94950.0,703,恒逸石化,熊市,,
2024-08-06,卖出,6.33,15000,94950.0,703,恒逸石化,熊市,0.0,0.0
2024-08-20,买入,6.22,15200,94544.0,703,恒逸石化,熊市,,
2024-08-21,卖出,6.15,15200,93480.0,703,恒逸石化,熊市,-1064.0,-1.1254019292604502
2024-08-22,买入,6.21,15100,93771.0,703,恒逸石化,熊市,,
2024-09-06,卖出,5.92,15100,89392.0,703,恒逸石化,熊市,-4379.0,-4.669887278582931
2025-05-07,买入,15.36,6500,99840.0,807,云铝股份,牛市,,
2025-05-21,卖出,15.17,6500,98605.0,807,云铝股份,牛市,-1235.0,-1.2369791666666665
2025-06-19,买入,15.66,6300,98658.0,807,云铝股份,牛市,,
2025-07-08,卖出,15.78,6300,99414.0,807,云铝股份,牛市,756.0,0.7662835249042145
2025-08-18,买入,17.55,5600,98280.0,807,云铝股份,牛市,,
2025-08-28,卖出,18.53,5600,103768.0,807,云铝股份,牛市,5488.0,5.584045584045584
2025-09-02,买入,19.67,5300,104251.00000000001,807,云铝股份,牛市,,
2025-09-05,卖出,18.63,5300,98739.0,807,云铝股份,牛市,-5512.000000000015,-5.287239450940532
2025-09-15,买入,20.67,4800,99216.00000000001,807,云铝股份,牛市,,
2025-10-29,卖出,22.25,4800,106800.0,807,云铝股份,牛市,7583.999999999985,7.643928398645364
2025-10-30,买入,23.31,4500,104895.0,807,云铝股份,牛市,,
2025-10-31,结算,22.99,4500,103455.0,807,云铝股份,牛市,-1440.0,-1.3728013728013728
2024-11-08,买入,16.69,5900,98471.00000000001,807,云铝股份,震荡,,
2024-11-13,卖出,15.2,5900,89680.0,807,云铝股份,震荡,-8791.000000000015,-8.92750149790295
2024-12-02,买入,13.64,6600,90024.0,807,云铝股份,震荡,,
2024-12-19,卖出,14.25,6600,94050.0,807,云铝股份,震荡,4026.0,4.472140762463344
2024-12-26,买入,14.35,6600,94710.0,807,云铝股份,震荡,,
2024-12-27,卖出,14.2,6600,93720.0,807,云铝股份,震荡,-990.0,-1.0452961672473868
2025-01-15,买入,15.83,5900,93397.0,807,云铝股份,震荡,,
2025-01-24,卖出,16.09,5900,94931.0,807,云铝股份,震荡,1534.0,1.6424510423247
2025-02-10,买入,16.9,5600,94639.99999999999,807,云铝股份,震荡,,
2025-02-13,卖出,16.31,5600,91336.0,807,云铝股份,震荡,-3303.9999999999854,-3.491124260355015
2025-03-07,买入,18.11,5100,92361.0,807,云铝股份,震荡,,
2025-03-19,卖出,17.81,5100,90831.0,807,云铝股份,震荡,-1530.0,-1.6565433462175594
2025-03-28,买入,17.49,5100,89198.99999999999,807,云铝股份,震荡,,
2025-04-01,结算,17.65,5100,90015.0,807,云铝股份,震荡,816.0000000000146,0.9148084619782898
2024-06-13,买入,14.85,6700,99495.0,807,云铝股份,熊市,,
2024-06-17,卖出,14.22,6700,95274.0,807,云铝股份,熊市,-4221.0,-4.242424242424243
2024-07-01,买入,13.54,7000,94780.0,807,云铝股份,熊市,,
2024-07-09,卖出,13.6,7000,95200.0,807,云铝股份,熊市,420.0,0.4431314623338257
2024-07-16,买入,13.91,6900,95979.0,807,云铝股份,熊市,,
2024-07-19,卖出,12.7,6900,87630.0,807,云铝股份,熊市,-8349.0,-8.698777857656362
2024-08-01,买入,12.58,6900,86802.0,807,云铝股份,熊市,,
2024-08-06,卖出,11.69,6900,80661.0,807,云铝股份,熊市,-6141.0,-7.074721780604134
2024-09-09,买入,11.5,7100,81650.0,807,云铝股份,熊市,,
2024-09-12,结算,11.48,7100,81508.0,807,云铝股份,熊市,-142.0,-0.17391304347826086
2025-05-07,买入,20.45,4800,98160.0,2273,水晶光电,牛市,,
2025-05-20,卖出,19.58,4800,93983.99999999999,2273,水晶光电,牛市,-4176.000000000015,-4.254278728606372
2025-06-05,买入,19.0,5000,95000.0,2273,水晶光电,牛市,,
2025-07-07,卖出,19.98,5000,99900.0,2273,水晶光电,牛市,4900.0,5.157894736842105
2025-07-28,买入,20.81,4800,99888.0,2273,水晶光电,牛市,,
2025-08-01,卖出,20.92,4800,100416.00000000001,2273,水晶光电,牛市,528.0000000000146,0.5285920230658483
2025-08-08,买入,21.37,4700,100439.0,2273,水晶光电,牛市,,
2025-08-11,卖出,20.95,4700,98465.0,2273,水晶光电,牛市,-1974.0,-1.9653720168460458
2025-08-12,买入,21.68,4500,97560.0,2273,水晶光电,牛市,,
2025-08-28,卖出,27.15,4500,122175.0,2273,水晶光电,牛市,24615.0,25.230627306273064
2025-09-12,买入,26.7,4600,122820.0,2273,水晶光电,牛市,,
2025-09-22,卖出,27.72,4600,127512.0,2273,水晶光电,牛市,4692.0,3.8202247191011236
2024-11-06,买入,22.33,4400,98251.99999999999,2273,水晶光电,震荡,,
2024-11-07,卖出,21.3,4400,93720.0,2273,水晶光电,震荡,-4531.999999999985,-4.612628750559771
2024-11-13,买入,23.08,4100,94628.0,2273,水晶光电,震荡,,
2024-11-15,卖出,21.97,4100,90077.0,2273,水晶光电,震荡,-4551.0,-4.809358752166378
2024-12-03,买入,21.37,4200,89754.0,2273,水晶光电,震荡,,
2024-12-19,卖出,20.89,4200,87738.0,2273,水晶光电,震荡,-2016.0,-2.2461394478240524
2024-12-26,买入,22.29,3900,86931.0,2273,水晶光电,震荡,,
2025-01-03,卖出,21.86,3900,85254.0,2273,水晶光电,震荡,-1677.0,-1.9291161956034097
2025-02-07,买入,23.6,3600,84960.0,2273,水晶光电,震荡,,
2025-02-14,加仓,22.58,100,2258.0,2273,水晶光电,震荡,,
2025-03-03,卖出,25.6,3700,94720.0,2273,水晶光电,震荡,7502.0,8.601435483501112
2025-03-28,买入,22.75,4100,93275.0,2273,水晶光电,震荡,,
2025-04-01,结算,22.69,4100,93029.0,2273,水晶光电,震荡,-246.0,-0.26373626373626374
2024-05-21,买入,15.05,6600,99330.0,2273,水晶光电,熊市,,
2024-05-29,卖出,14.62,6600,96492.0,2273,水晶光电,熊市,-2838.0,-2.857142857142857
2024-06-13,买入,16.1,6000,96600.00000000001,2273,水晶光电,熊市,,
2024-06-14,卖出,15.87,6000,95220.0,2273,水晶光电,熊市,-1380.0000000000146,-1.4285714285714435
2024-06-17,买入,16.15,5900,95284.99999999999,2273,水晶光电,熊市,,
2024-06-18,卖出,16.73,5900,98707.0,2273,水晶光电,熊市,3422.0000000000146,3.591331269349861
2024-06-19,买入,16.85,5800,97730.00000000001,2273,水晶光电,熊市,,
2024-06-25,卖出,16.08,5800,93263.99999999999,2273,水晶光电,熊市,-4466.000000000029,-4.5697329376854885
2024-06-27,买入,16.52,5700,94164.0,2273,水晶光电,熊市,,
2024-07-08,卖出,17.42,5700,99294.00000000001,2273,水晶光电,熊市,5130.000000000015,5.44794188861987
2024-07-10,买入,18.41,5400,99414.0,2273,水晶光电,熊市,,
2024-07-18,卖出,18.91,5400,102114.0,2273,水晶光电,熊市,2700.0,2.715915263443781
2025-05-14,买入,38.4,2600,99840.0,2432,九安医疗,牛市,,
2025-05-19,卖出,39.27,2600,102102.00000000001,2432,九安医疗,牛市,2262.0000000000146,2.2656250000000147
2025-06-10,买入,37.98,2600,98747.99999999999,2432,九安医疗,牛市,,
2025-06-12,卖出,37.56,2600,97656.0,2432,九安医疗,牛市,-1091.9999999999854,-1.105845181674551
2025-06-25,买入,36.16,2700,97631.99999999999,2432,九安医疗,牛市,,
2025-07-14,卖出,36.85,2700,99495.0,2432,九安医疗,牛市,1863.0000000000146,1.9081858407079797
2025-07-21,买入,39.03,2600,101478.0,2432,九安医疗,牛市,,
2025-08-01,卖出,38.84,2600,100984.00000000001,2432,九安医疗,牛市,-493.99999999998545,-0.4868050217781051
2025-08-08,买入,39.51,2500,98775.0,2432,九安医疗,牛市,,
2025-08-28,卖出,39.85,2500,99625.0,2432,九安医疗,牛市,850.0,0.8605416350291066
2025-10-23,买入,40.06,2500,100150.0,2432,九安医疗,牛市,,
2025-10-31,卖出,39.95,2500,99875.0,2432,九安医疗,牛市,-275.0,-0.27458811782326514
2024-11-06,买入,46.5,2100,97650.0,2432,九安医疗,震荡,,
2024-11-18,卖出,45.15,2100,94815.0,2432,九安医疗,震荡,-2835.0,-2.903225806451613
2024-12-03,买入,43.7,2200,96140.0,2432,九安医疗,震荡,,
2024-12-05,卖出,42.3,2200,93060.0,2432,九安医疗,震荡,-3080.0,-3.203661327231121
2024-12-09,买入,42.82,2100,89922.0,2432,九安医疗,震荡,,
2024-12-18,卖出,42.43,2100,89103.0,2432,九安医疗,震荡,-819.0,-0.9107893507706679
2025-01-15,买入,39.77,2300,91471.0,2432,九安医疗,震荡,,
2025-02-25,卖出,42.79,2300,98417.0,2432,九安医疗,震荡,6946.0,7.593663565501635
2025-03-26,买入,41.48,2400,99551.99999999999,2432,九安医疗,震荡,,
2025-03-27,卖出,42.09,2400,101016.00000000001,2432,九安医疗,震荡,1464.000000000029,1.470588235294147
2025-03-28,买入,42.6,2300,97980.0,2432,九安医疗,震荡,,
2025-04-01,结算,42.67,2300,98141.0,2432,九安医疗,震荡,161.0,0.16431924882629106
2024-06-28,买入,40.45,2400,97080.0,2432,九安医疗,熊市,,
2024-07-05,卖出,39.45,2400,94680.0,2432,九安医疗,熊市,-2400.0,-2.4721878862793574
2024-07-08,买入,39.84,2400,95616.00000000001,2432,九安医疗,熊市,,
2024-07-09,卖出,39.25,2400,94200.0,2432,九安医疗,熊市,-1416.0000000000146,-1.4809236947791313
2024-07-12,买入,40.0,2400,96000.0,2432,九安医疗,熊市,,
2024-07-24,卖出,38.71,2400,92904.0,2432,九安医疗,熊市,-3096.0,-3.225
2024-08-19,买入,41.36,2200,90992.0,2432,九安医疗,熊市,,
2024-08-23,卖出,41.71,2200,91762.0,2432,九安医疗,熊市,770.0,0.8462282398452611
2024-09-02,买入,42.15,2200,92730.0,2432,九安医疗,熊市,,
2024-09-03,卖出,40.95,2200,90090.0,2432,九安医疗,熊市,-2640.0,-2.8469750889679712
2024-09-06,买入,43.15,2100,90615.0,2432,九安医疗,熊市,,
2024-09-11,卖出,41.91,2100,88011.0,2432,九安医疗,熊市,-2604.0,-2.87369640787949
2025-05-09,买入,29.34,3400,99756.0,2466,天齐锂业,牛市,,
2025-05-20,卖出,29.3,3400,99620.0,2466,天齐锂业,牛市,-136.0,-0.136332651670075
2025-06-05,买入,30.37,3200,97184.0,2466,天齐锂业,牛市,,
2025-06-18,卖出,30.21,3200,96672.0,2466,天齐锂业,牛市,-512.0,-0.5268356931182088
2025-06-25,买入,31.15,3100,96565.0,2466,天齐锂业,牛市,,
2025-07-14,卖出,34.43,3100,106733.0,2466,天齐锂业,牛市,10168.0,10.529695024077046
2025-07-21,买入,36.18,3000,108540.0,2466,天齐锂业,牛市,,
2025-07-30,卖出,40.83,3000,122490.0,2466,天齐锂业,牛市,13950.0,12.85240464344942
2025-08-11,买入,44.85,2700,121095.0,2466,天齐锂业,牛市,,
2025-08-21,卖出,42.86,2700,115722.0,2466,天齐锂业,牛市,-5373.0,-4.437012263099219
2025-09-02,买入,44.02,2600,114452.00000000001,2466,天齐锂业,牛市,,
2025-09-05,卖出,42.24,2600,109824.0,2466,天齐锂业,牛市,-4628.000000000015,-4.0436165379373135
2025-10-10,买入,51.08,2200,112376.0,2466,天齐锂业,牛市,,
2025-10-20,卖出,46.75,2200,102850.0,2466,天齐锂业,牛市,-9526.0,-8.476898981989036
2025-10-24,买入,48.4,2100,101640.0,2466,天齐锂业,牛市,,
2025-10-31,结算,53.4,2100,112140.0,2466,天齐锂业,牛市,10500.0,10.330578512396695
2024-11-06,买入,36.89,2700,99603.0,2466,天齐锂业,震荡,,
2024-11-18,卖出,37.81,2700,102087.0,2466,天齐锂业,震荡,2484.0,2.4939007861209
2024-12-31,买入,34.2,2900,99180.00000000001,2466,天齐锂业,震荡,,
2025-01-02,加仓,33.01,100,3301.0,2466,天齐锂业,震荡,,
2025-01-03,卖出,32.41,3000,97229.99999999999,2466,天齐锂业,震荡,-5251.000000000029,-5.123876621032219
2025-01-15,买入,32.69,2900,94801.0,2466,天齐锂业,震荡,,
2025-03-03,卖出,32.52,2900,94308.00000000001,2466,天齐锂业,震荡,-492.99999999998545,-0.520036708473524
2025-03-06,买入,32.88,2900,95352.00000000001,2466,天齐锂业,震荡,,
2025-03-10,卖出,33.18,2900,96222.0,2466,天齐锂业,震荡,869.9999999999854,0.9124087591240723
2025-03-18,买入,33.18,2900,96222.0,2466,天齐锂业,震荡,,
2025-03-20,卖出,32.16,2900,93263.99999999999,2466,天齐锂业,震荡,-2958.0000000000146,-3.0741410488246084
2024-05-23,买入,38.2,2600,99320.00000000001,2466,天齐锂业,熊市,,
2024-05-24,卖出,37.33,2600,97058.0,2466,天齐锂业,熊市,-2262.0000000000146,-2.277486910994779
2024-06-19,买入,33.0,2900,95700.0,2466,天齐锂业,熊市,,
2024-06-21,卖出,31.0,2900,89900.0,2466,天齐锂业,熊市,-5800.0,-6.0606060606060606
2024-06-27,买入,31.3,2900,90770.0,2466,天齐锂业,熊市,,
2024-07-03,卖出,29.5,2900,85550.0,2466,天齐锂业,熊市,-5220.0,-5.7507987220447285
2024-07-04,买入,29.81,2900,86449.0,2466,天齐锂业,熊市,,
2024-07-05,卖出,28.68,2900,83172.0,2466,天齐锂业,熊市,-3277.0,-3.7906742703790672
2024-07-11,买入,28.28,2900,82012.0,2466,天齐锂业,熊市,,
2024-07-26,卖出,28.18,2900,81722.0,2466,天齐锂业,熊市,-290.0,-0.3536067892503536
2024-09-02,买入,26.1,3100,80910.0,2466,天齐锂业,熊市,,
2024-09-12,卖出,28.0,3100,86800.0,2466,天齐锂业,熊市,5890.0,7.2796934865900385
2025-05-08,买入,3.07,32500,99775.0,2607,中公教育,牛市,,
2025-05-20,卖出,3.05,32500,99125.0,2607,中公教育,牛市,-650.0,-0.6514657980456027
2025-06-04,买入,2.93,33900,99327.0,2607,中公教育,牛市,,
2025-06-16,卖出,2.9,33900,98310.0,2607,中公教育,牛市,-1017.0,-1.023890784982935
2025-06-25,买入,2.92,33600,98112.0,2607,中公教育,牛市,,
2025-07-14,卖出,3.12,33600,104832.0,2607,中公教育,牛市,6720.0,6.8493150684931505
2025-07-21,买入,3.06,34300,104958.0,2607,中公教育,牛市,,
2025-08-18,卖出,2.9,34300,99470.0,2607,中公教育,牛市,-5488.0,-5.228758169934641
2025-08-19,买入,3.0,33100,99300.0,2607,中公教育,牛市,,
2025-08-28,卖出,3.06,33100,101286.0,2607,中公教育,牛市,1986.0,2.0
2025-09-12,买入,2.95,34400,101480.0,2607,中公教育,牛市,,
2025-09-23,卖出,2.93,34400,100792.0,2607,中公教育,牛市,-688.0,-0.6779661016949152
2025-10-14,买入,2.82,35700,100674.0,2607,中公教育,牛市,,
2025-10-20,卖出,2.72,35700,97104.0,2607,中公教育,牛市,-3570.0,-3.546099290780142
2024-11-08,买入,3.7,27000,99900.0,2607,中公教育,震荡,,
2024-11-15,卖出,3.43,27000,92610.0,2607,中公教育,震荡,-7290.0,-7.297297297297297
2024-12-05,买入,3.29,28100,92449.0,2607,中公教育,震荡,,
2024-12-19,卖出,4.18,28100,117457.99999999999,2607,中公教育,震荡,25008.999999999985,27.05167173252278
2025-01-15,买入,3.2,36700,117440.0,2607,中公教育,震荡,,
2025-02-20,卖出,3.7,36700,135790.0,2607,中公教育,震荡,18350.0,15.625
2024-05-21,买入,2.63,38000,99940.0,2607,中公教育,熊市,,
2024-05-24,卖出,2.5,38000,95000.0,2607,中公教育,熊市,-4940.0,-4.942965779467681
2024-06-13,买入,1.91,49700,94927.0,2607,中公教育,熊市,,
2024-06-24,卖出,1.66,49700,82502.0,2607,中公教育,熊市,-12425.0,-13.089005235602095
2024-07-03,买入,1.61,51300,82593.0,2607,中公教育,熊市,,
2024-07-11,卖出,1.39,51300,71307.0,2607,中公教育,熊市,-11286.0,-13.664596273291925
2024-07-12,买入,1.48,48200,71336.0,2607,中公教育,熊市,,
2024-07-16,卖出,1.39,48200,66998.0,2607,中公教育,熊市,-4338.0,-6.081081081081082
2024-08-02,买入,1.83,36600,66978.0,2607,中公教育,熊市,,
2024-08-06,卖出,2.43,36600,88938.0,2607,中公教育,熊市,21960.0,32.78688524590164
2024-09-02,买入,1.87,47500,88825.0,2607,中公教育,熊市,,
2024-09-10,卖出,1.94,47500,92150.0,2607,中公教育,熊市,3325.0,3.7433155080213902
2024-09-11,买入,1.92,48000,92160.0,2607,中公教育,熊市,,
2024-09-12,结算,1.84,48000,88320.0,2607,中公教育,熊市,-3840.0,-4.166666666666666
2025-05-07,买入,73.11,1300,95043.0,300394,天孚通信,牛市,,
2025-05-20,卖出,72.45,1300,94185.0,300394,天孚通信,牛市,-858.0,-0.9027492819039803
2025-06-03,买入,81.0,1200,97200.0,300394,天孚通信,牛市,,
2025-06-10,卖出,69.0,1200,82800.0,300394,天孚通信,牛市,-14400.0,-14.814814814814813
2025-06-30,买入,75.9,1100,83490.0,300394,天孚通信,牛市,,
2025-07-14,卖出,84.01,1100,92411.0,300394,天孚通信,牛市,8921.0,10.685111989459815
2025-07-21,买入,89.07,1000,89070.0,300394,天孚通信,牛市,,
2025-07-25,卖出,86.88,1000,86880.0,300394,天孚通信,牛市,-2190.0,-2.4587403166049175
2025-07-30,买入,98.0,900,88200.0,300394,天孚通信,牛市,,
2025-08-01,卖出,105.0,900,94500.0,300394,天孚通信,牛市,6300.0,7.142857142857142
2025-08-07,买入,103.0,900,92700.0,300394,天孚通信,牛市,,
2025-08-08,卖出,100.5,900,90450.0,300394,天孚通信,牛市,-2250.0,-2.4271844660194173
2025-08-14,买入,113.87,800,91096.0,300394,天孚通信,牛市,,
2025-08-18,卖出,106.57,800,85256.0,300394,天孚通信,牛市,-5840.0,-6.410819355405287
2025-08-19,买入,112.01,800,89608.0,300394,天孚通信,牛市,,
2025-08-28,卖出,155.01,800,124008.0,300394,天孚通信,牛市,34400.0,38.389429515221856
2025-09-02,买入,218.0,500,109000.0,300394,天孚通信,牛市,,
2025-09-04,卖出,205.0,500,102500.0,300394,天孚通信,牛市,-6500.0,-5.963302752293578
2025-10-21,买入,158.72,700,111104.0,300394,天孚通信,牛市,,
2025-10-31,结算,158.01,700,110607.0,300394,天孚通信,牛市,-497.0,-0.4473286290322581
2024-11-08,买入,136.7,700,95689.99999999999,300394,天孚通信,震荡,,
2024-11-12,卖出,129.74,700,90818.0,300394,天孚通信,震荡,-4871.999999999985,-5.091441111923906
2024-12-02,买入,104.82,900,94338.0,300394,天孚通信,震荡,,
2024-12-12,卖出,106.0,900,95400.0,300394,天孚通信,震荡,1062.0,1.1257393627170387
2025-01-22,买入,115.57,800,92456.0,300394,天孚通信,震荡,,
2025-02-06,卖出,85.0,800,68000.0,300394,天孚通信,震荡,-24456.0,-26.45150125465086
2025-02-20,买入,97.99,700,68593.0,300394,天孚通信,震荡,,
2025-03-03,卖出,88.8,700,62160.0,300394,天孚通信,震荡,-6433.0,-9.378508011021532
2024-05-21,买入,143.49,600,86094.0,300394,天孚通信,熊市,,
2024-05-27,卖出,131.15,600,78690.0,300394,天孚通信,熊市,-7404.0,-8.599902432225242
2024-06-13,买入,88.8,1000,88800.0,300394,天孚通信,熊市,,
2024-06-14,卖出,89.83,1000,89830.0,300394,天孚通信,熊市,1030.0,1.15990990990991
2024-06-17,买入,98.37,900,88533.0,300394,天孚通信,熊市,,
2024-06-18,卖出,96.9,900,87210.0,300394,天孚通信,熊市,-1323.0,-1.4943580359865811
2024-06-19,买入,101.08,900,90972.0,300394,天孚通信,熊市,,
2024-06-20,卖出,101.0,900,90900.0,300394,天孚通信,熊市,-72.0,-0.07914523149980214
2024-06-24,买入,99.0,900,89100.0,300394,天孚通信,熊市,,
2024-06-26,卖出,91.04,900,81936.0,300394,天孚通信,熊市,-7164.0,-8.040404040404042
2024-09-06,买入,71.6,1100,78760.0,300394,天孚通信,熊市,,
2024-09-10,卖出,73.69,1100,81059.0,300394,天孚通信,熊市,2299.0,2.9189944134078214
2024-09-11,买入,75.0,1100,82500.0,300394,天孚通信,熊市,,
2024-09-12,结算,73.63,1100,80993.0,300394,天孚通信,熊市,-1507.0,-1.8266666666666667
2025-05-07,买入,236.45,400,94580.0,300750,宁德时代,牛市,,
2025-05-19,卖出,260.5,400,104200.0,300750,宁德时代,牛市,9620.0,10.171283569465004
2025-06-13,买入,248.1,400,99240.0,300750,宁德时代,牛市,,
2025-06-20,卖出,241.06,400,96424.0,300750,宁德时代,牛市,-2816.0,-2.837565497783152
2025-06-25,买入,246.5,400,98600.0,300750,宁德时代,牛市,,
2025-07-14,卖出,271.0,400,108400.0,300750,宁德时代,牛市,9800.0,9.939148073022313
2025-07-21,买入,277.0,400,110800.0,300750,宁德时代,牛市,,
2025-07-31,卖出,280.8,400,112320.0,300750,宁德时代,牛市,1520.0,1.371841155234657
2025-08-14,买入,276.89,400,110756.0,300750,宁德时代,牛市,,
2025-08-28,卖出,276.06,400,110424.0,300750,宁德时代,牛市,-332.0,-0.2997580266531836
2025-09-02,买入,304.03,300,91208.99999999999,300750,宁德时代,牛市,,
2025-09-03,卖出,303.5,300,91050.0,300750,宁德时代,牛市,-158.99999999998545,-0.17432490214779844
2025-09-08,买入,334.0,300,100200.0,300750,宁德时代,牛市,,
2025-09-22,卖出,370.5,300,111150.0,300750,宁德时代,牛市,10950.0,10.928143712574851
2025-09-25,买入,376.6,300,112980.0,300750,宁德时代,牛市,,
2025-10-13,卖出,362.86,300,108858.0,300750,宁德时代,牛市,-4122.0,-3.6484333510355813
2024-11-07,买入,258.0,300,77400.0,300750,宁德时代,震荡,,
2024-11-18,卖出,265.56,300,79668.0,300750,宁德时代,震荡,2268.0,2.9302325581395348
2024-12-03,买入,261.0,300,78300.0,300750,宁德时代,震荡,,
2024-12-19,卖出,269.26,300,80778.0,300750,宁德时代,震荡,2478.0,3.164750957854406
2024-12-26,买入,267.2,300,80160.0,300750,宁德时代,震荡,,
2025-01-08,卖出,245.99,300,73797.0,300750,宁德时代,震荡,-6363.0,-7.937874251497005
2025-01-15,买入,256.2,300,76860.0,300750,宁德时代,震荡,,
2025-03-03,卖出,265.0,300,79500.0,300750,宁德时代,震荡,2640.0,3.434816549570648
2024-05-21,买入,203.67,400,81468.0,300750,宁德时代,熊市,,
2024-05-22,卖出,202.5,400,81000.0,300750,宁德时代,熊市,-468.0,-0.5744586831639417
2024-05-23,买入,204.2,400,81680.0,300750,宁德时代,熊市,,
2024-06-04,卖出,201.99,400,80796.0,300750,宁德时代,熊市,-884.0,-1.0822722820763957
2024-06-19,买入,190.6,500,95300.0,300750,宁德时代,熊市,,
2024-06-28,卖出,183.8,500,91900.0,300750,宁德时代,熊市,-3400.0,-3.5676810073452256
2024-07-05,买入,181.0,500,90500.0,300750,宁德时代,熊市,,
2024-07-09,卖出,175.3,500,87650.0,300750,宁德时代,熊市,-2850.0,-3.1491712707182318
2024-07-12,买入,177.85,500,88925.0,300750,宁德时代,熊市,,
2024-07-24,卖出,186.0,500,93000.0,300750,宁德时代,熊市,4075.0,4.582513353949958
2024-08-01,买入,185.0,500,92500.0,300750,宁德时代,熊市,,
2024-08-02,卖出,179.0,500,89500.0,300750,宁德时代,熊市,-3000.0,-3.2432432432432434
2024-08-16,买入,173.4,500,86700.0,300750,宁德时代,熊市,,
2024-08-23,卖出,177.0,500,88500.0,300750,宁德时代,熊市,1800.0,2.0761245674740483
2024-09-02,买入,184.44,500,92220.0,300750,宁德时代,熊市,,
2024-09-11,卖出,182.4,500,91200.0,300750,宁德时代,熊市,-1020.0,-1.1060507482108002
2025-05-07,买入,14.15,7000,99050.0,600522,中天科技,牛市,,
2025-05-16,卖出,13.68,7000,95760.0,600522,中天科技,牛市,-3290.0,-3.3215547703180213
2025-06-03,买入,13.18,7300,96214.0,600522,中天科技,牛市,,
2025-07-07,卖出,14.17,7300,103441.0,600522,中天科技,牛市,7227.0,7.511380880121396
2025-07-22,买入,14.45,7100,102595.0,600522,中天科技,牛市,,
2025-08-28,卖出,15.68,7100,111328.0,600522,中天科技,牛市,8733.0,8.512110726643598
2025-09-02,买入,16.2,6900,111780.0,600522,中天科技,牛市,,
2025-09-03,卖出,15.53,6900,107157.0,600522,中天科技,牛市,-4623.0,-4.135802469135803
2025-09-09,买入,16.3,6600,107580.0,600522,中天科技,牛市,,
2025-09-10,卖出,16.01,6600,105666.00000000001,600522,中天科技,牛市,-1913.9999999999854,-1.7791411042944651
2025-09-12,买入,16.3,6500,105950.0,600522,中天科技,牛市,,
2025-09-16,卖出,15.69,6500,101985.0,600522,中天科技,牛市,-3965.0,-3.742331288343558
2025-09-19,买入,16.8,6000,100800.0,600522,中天科技,牛市,,
2025-09-22,卖出,16.99,6000,101939.99999999999,600522,中天科技,牛市,1139.9999999999854,1.1309523809523665
2025-09-25,买入,18.16,5600,101696.0,600522,中天科技,牛市,,
2025-10-14,卖出,18.99,5600,106343.99999999999,600522,中天科技,牛市,4647.999999999985,4.570484581497783
2025-10-30,买入,17.42,6100,106262.00000000001,600522,中天科技,牛市,,
2025-10-31,卖出,17.09,6100,104249.0,600522,中天科技,牛市,-2013.0000000000146,-1.8943742824339975
2024-11-07,买入,16.78,5900,99002.0,600522,中天科技,震荡,,
2024-11-15,卖出,16.54,5900,97586.0,600522,中天科技,震荡,-1416.0,-1.430274135876043
2024-12-03,买入,16.27,6000,97620.0,600522,中天科技,震荡,,
2024-12-30,卖出,14.72,6000,88320.0,600522,中天科技,震荡,-9300.0,-9.526736324523663
2025-01-15,买入,13.29,6700,89043.0,600522,中天科技,震荡,,
2025-03-03,卖出,13.89,6700,93063.0,600522,中天科技,震荡,4020.0,4.514672686230249
2025-03-18,买入,15.47,6000,92820.0,600522,中天科技,震荡,,
2025-03-20,卖出,15.08,6000,90480.0,600522,中天科技,震荡,-2340.0,-2.5210084033613445
2025-03-24,买入,16.05,5600,89880.0,600522,中天科技,震荡,,
2025-03-26,卖出,14.86,5600,83216.0,600522,中天科技,震荡,-6664.0,-7.414330218068536
2024-05-21,买入,14.89,6700,99763.0,600522,中天科技,熊市,,
2024-05-23,卖出,14.49,6700,97083.0,600522,中天科技,熊市,-2680.0,-2.6863666890530555
2024-06-27,买入,15.23,6300,95949.0,600522,中天科技,熊市,,
2024-06-28,卖出,15.1,6300,95130.0,600522,中天科技,熊市,-819.0,-0.8535784635587657
2024-07-01,买入,15.86,6000,95160.0,600522,中天科技,熊市,,
2024-07-03,卖出,15.13,6000,90780.0,600522,中天科技,熊市,-4380.0,-4.602774274905422
2024-08-19,买入,13.33,6900,91977.0,600522,中天科技,熊市,,
2024-08-22,卖出,13.06,6900,90114.0,600522,中天科技,熊市,-1863.0,-2.0255063765941483
2024-09-02,买入,12.85,7000,89950.0,600522,中天科技,熊市,,
2024-09-10,卖出,13.01,7000,91070.0,600522,中天科技,熊市,1120.0,1.245136186770428
2025-05-07,买入,16.31,6100,99490.99999999999,600875,东方电气,牛市,,
2025-05-20,卖出,16.21,6100,98881.0,600875,东方电气,牛市,-609.9999999999854,-0.61312078479459
2025-06-12,买入,16.53,6000,99180.0,600875,东方电气,牛市,,
2025-06-23,卖出,16.19,6000,97140.00000000001,600875,东方电气,牛市,-2039.9999999999854,-2.0568663036902453
2025-06-30,买入,16.72,5800,96976.0,600875,东方电气,牛市,,
2025-07-14,卖出,17.26,5800,100108.00000000001,600875,东方电气,牛市,3132.0000000000146,3.22966507177035
2025-07-21,买入,19.62,5100,100062.0,600875,东方电气,牛市,,
2025-07-28,卖出,20.81,5100,106131.0,600875,东方电气,牛市,6069.0,6.065239551478084
2025-08-18,买入,19.9,5300,105469.99999999999,600875,东方电气,牛市,,
2025-08-28,卖出,19.62,5300,103986.0,600875,东方电气,牛市,-1483.9999999999854,-1.4070351758793833
2025-09-09,买入,19.44,5400,104976.0,600875,东方电气,牛市,,
2025-09-11,卖出,18.91,5400,102114.0,600875,东方电气,牛市,-2862.0,-2.7263374485596708
2025-09-12,买入,19.36,5200,100672.0,600875,东方电气,牛市,,
2025-09-19,卖出,18.81,5200,97812.0,600875,东方电气,牛市,-2860.0,-2.840909090909091
2025-09-26,买入,18.92,5200,98384.00000000001,600875,东方电气,牛市,,
2025-10-21,卖出,20.19,5200,104988.0,600875,东方电气,牛市,6603.999999999985,6.7124735729386735
2025-10-28,买入,21.4,4900,104860.0,600875,东方电气,牛市,,
2025-10-31,结算,20.87,4900,102263.0,600875,东方电气,牛市,-2597.0,-2.4766355140186915
2024-11-06,买入,16.05,6200,99510.0,600875,东方电气,震荡,,
2024-11-18,卖出,15.65,6200,97030.0,600875,东方电气,震荡,-2480.0,-2.4922118380062304
2024-12-27,买入,15.97,6100,97417.0,600875,东方电气,震荡,,
2025-01-03,卖出,15.0,6100,91500.0,600875,东方电气,震荡,-5917.0,-6.073888541014402
2025-01-17,买入,14.42,6300,90846.0,600875,东方电气,震荡,,
2025-02-20,卖出,14.9,6300,93870.0,600875,东方电气,震荡,3024.0,3.3287101248266295
2025-03-18,买入,15.29,6100,93269.0,600875,东方电气,震荡,,
2025-03-31,卖出,15.05,6100,91805.0,600875,东方电气,震荡,-1464.0,-1.5696533682145193
2024-07-15,买入,16.64,6000,99840.0,600875,东方电气,熊市,,
2024-07-24,卖出,16.02,6000,96120.0,600875,东方电气,熊市,-3720.0,-3.7259615384615383
2024-08-01,买入,16.22,5900,95698.0,600875,东方电气,熊市,,
2024-08-05,卖出,15.77,5900,93043.0,600875,东方电气,熊市,-2655.0,-2.7743526510480887
2024-09-02,买入,13.62,6800,92616.0,600875,东方电气,熊市,,
2024-09-06,卖出,13.19,6800,89692.0,600875,东方电气,熊市,-2924.0,-3.15712187958884
2025-07-04,买入,40.4,2400,96960.0,601088,中国神华,牛市,,
2025-07-08,卖出,37.75,2400,90600.0,601088,中国神华,牛市,-6360.0,-6.5594059405940595
2025-07-21,买入,37.51,2400,90024.0,601088,中国神华,牛市,,
2025-08-01,卖出,38.17,2400,91608.0,601088,中国神华,牛市,1584.0,1.7595307917888565
2025-08-19,买入,39.15,2400,93960.0,601088,中国神华,牛市,,
2025-08-29,卖出,37.9,2400,90960.0,601088,中国神华,牛市,-3000.0,-3.1928480204342273
2025-09-08,买入,38.16,2400,91583.99999999999,601088,中国神华,牛市,,
2025-09-22,卖出,38.73,2400,92951.99999999999,601088,中国神华,牛市,1368.0,1.4937106918238996
2025-10-15,买入,40.64,2300,93472.0,601088,中国神华,牛市,,
2025-10-30,卖出,42.31,2300,97313.0,601088,中国神华,牛市,3841.0,4.109251968503937
2024-11-25,买入,40.18,2400,96432.0,601088,中国神华,震荡,,
2024-12-19,卖出,42.72,2400,102528.0,601088,中国神华,震荡,6096.0,6.321553011448482
2025-01-17,买入,39.68,2600,103168.0,601088,中国神华,震荡,,
2025-01-21,卖出,38.78,2600,100828.0,601088,中国神华,震荡,-2340.0,-2.2681451612903225
2025-01-24,买入,38.62,2600,100412.0,601088,中国神华,震荡,,
2025-02-21,卖出,36.17,2600,94042.0,601088,中国神华,震荡,-6370.0,-6.343863283272916
2025-02-25,买入,35.53,2700,95931.0,601088,中国神华,震荡,,
2025-03-03,卖出,35.58,2700,96066.0,601088,中国神华,震荡,135.0,0.14072614691809737
2025-03-06,买入,35.69,2700,96363.0,601088,中国神华,震荡,,
2025-04-01,结算,38.65,2700,104355.0,601088,中国神华,震荡,7992.0,8.293639674978985
2024-06-13,买入,44.5,2200,97900.0,601088,中国神华,熊市,,
2024-06-18,卖出,43.52,2200,95744.0,601088,中国神华,熊市,-2156.0,-2.202247191011236
2024-07-19,买入,42.03,2300,96669.0,601088,中国神华,熊市,,
2024-07-30,卖出,40.68,2300,93564.0,601088,中国神华,熊市,-3105.0,-3.2119914346895073
2024-08-16,买入,40.19,2300,92437.0,601088,中国神华,熊市,,
2024-08-23,卖出,39.81,2300,91563.0,601088,中国神华,熊市,-874.0,-0.9455088330430456
2024-09-02,买入,40.51,2300,93173.0,601088,中国神华,熊市,,
2024-09-05,卖出,39.63,2300,91149.0,601088,中国神华,熊市,-2024.0,-2.1723031350283883
2025-05-14,买入,5.62,17700,99474.0,601288,农业银行,牛市,,
2025-05-30,卖出,5.51,17700,97527.0,601288,农业银行,牛市,-1947.0,-1.9572953736654803
2025-06-23,买入,5.76,17000,97920.0,601288,农业银行,牛市,,
2025-06-30,卖出,5.85,17000,99450.0,601288,农业银行,牛市,1530.0,1.5625
2025-07-07,买入,6.03,16500,99495.0,601288,农业银行,牛市,,
2025-07-14,卖出,6.32,16500,104280.0,601288,农业银行,牛市,4785.0,4.809286898839138
2025-07-29,买入,6.2,16800,104160.0,601288,农业银行,牛市,,
2025-07-30,卖出,6.15,16800,103320.0,601288,农业银行,牛市,-840.0,-0.8064516129032258
2025-07-31,买入,6.25,16500,103125.0,601288,农业银行,牛市,,
2025-08-01,卖出,6.31,16500,104115.0,601288,农业银行,牛市,990.0,0.96
2025-08-08,买入,6.72,15500,104160.0,601288,农业银行,牛市,,
2025-08-28,卖出,7.08,15500,109740.0,601288,农业银行,牛市,5580.0,5.357142857142857
2025-09-26,买入,6.59,16700,110053.0,601288,农业银行,牛市,,
2025-10-31,结算,7.96,16700,132932.0,601288,农业银行,牛市,22879.0,20.789074355083457
2024-11-06,买入,4.79,20800,99632.0,601288,农业银行,震荡,,
2024-11-12,卖出,4.68,20800,97344.0,601288,农业银行,震荡,-2288.0,-2.2964509394572024
2024-12-04,买入,4.89,19900,97311.0,601288,农业银行,震荡,,
2024-12-19,卖出,5.1,19900,101490.0,601288,农业银行,震荡,4179.0,4.294478527607362
2024-12-26,买入,5.31,19100,101420.99999999999,601288,农业银行,震荡,,
2025-01-03,卖出,5.19,19100,99129.00000000001,601288,农业银行,震荡,-2291.999999999971,-2.259887005649689
2025-01-20,买入,5.06,19600,99175.99999999999,601288,农业银行,震荡,,
2025-01-21,卖出,5.02,19600,98391.99999999999,601288,农业银行,震荡,-784.0,-0.790513833992095
2025-01-24,买入,5.05,19500,98475.0,601288,农业银行,震荡,,
2025-02-26,卖出,5.11,19500,99645.0,601288,农业银行,震荡,1170.0,1.188118811881188
2025-03-17,买入,5.1,19600,99960.0,601288,农业银行,震荡,,
2025-04-01,结算,5.13,19600,100548.0,601288,农业银行,震荡,588.0,0.5882352941176471
2024-06-17,买入,4.24,23500,99640.0,601288,农业银行,熊市,,
2024-06-18,卖出,4.17,23500,97995.0,601288,农业银行,熊市,-1645.0,-1.650943396226415
2024-06-24,买入,4.19,23400,98046.00000000001,601288,农业银行,熊市,,
2024-06-25,卖出,4.25,23400,99450.0,601288,农业银行,熊市,1403.9999999999854,1.431980906921226
2024-06-27,买入,4.28,23300,99724.0,601288,农业银行,熊市,,
2024-07-09,卖出,4.49,23300,104617.0,601288,农业银行,熊市,4893.0,4.906542056074766
2024-07-10,买入,4.52,23100,104411.99999999999,601288,农业银行,熊市,,
2024-07-23,卖出,4.63,23100,106953.0,601288,农业银行,熊市,2541.0000000000146,2.433628318584085
2024-08-16,买入,4.69,22800,106932.00000000001,601288,农业银行,熊市,,
2024-08-23,卖出,4.91,22800,111948.0,601288,农业银行,熊市,5015.999999999985,4.690831556503184
2025-05-07,买入,7.39,13500,99765.0,601319,中国人保,牛市,,
2025-05-19,卖出,8.21,13500,110835.00000000001,601319,中国人保,牛市,11070.000000000015,11.096075778078498
2025-06-04,买入,8.32,13300,110656.0,601319,中国人保,牛市,,
2025-06-10,卖出,8.26,13300,109858.0,601319,中国人保,牛市,-798.0,-0.7211538461538461
2025-06-12,买入,8.37,13100,109646.99999999999,601319,中国人保,牛市,,
2025-06-19,卖出,8.46,13100,110826.00000000001,601319,中国人保,牛市,1179.000000000029,1.0752688172043277
2025-06-25,买入,9.0,12300,110700.0,601319,中国人保,牛市,,
2025-06-30,卖出,8.75,12300,107625.0,601319,中国人保,牛市,-3075.0,-2.7777777777777777
2025-07-22,买入,8.41,12800,107648.0,601319,中国人保,牛市,,
2025-08-06,卖出,8.4,12800,107520.0,601319,中国人保,牛市,-128.0,-0.11890606420927466
2025-08-27,买入,8.73,12300,107379.0,601319,中国人保,牛市,,
2025-08-29,卖出,8.75,12300,107625.0,601319,中国人保,牛市,246.0,0.22909507445589922
2025-09-25,买入,7.73,14000,108220.0,601319,中国人保,牛市,,
2025-09-26,卖出,7.68,14000,107520.0,601319,中国人保,牛市,-700.0,-0.646830530401035
2025-09-29,买入,7.73,13900,107447.0,601319,中国人保,牛市,,
2025-10-31,结算,8.44,13900,117316.0,601319,中国人保,牛市,9869.0,9.184993531694696
2024-11-11,买入,7.5,13300,99750.0,601319,中国人保,震荡,,
2024-11-13,卖出,7.22,13300,96026.0,601319,中国人保,震荡,-3724.0,-3.733333333333334
2024-12-13,买入,7.6,12600,95760.0,601319,中国人保,震荡,,
2024-12-20,卖出,7.4,12600,93240.0,601319,中国人保,震荡,-2520.0,-2.631578947368421
2024-12-26,买入,7.64,12200,93208.0,601319,中国人保,震荡,,
2025-01-03,卖出,7.16,12200,87352.0,601319,中国人保,震荡,-5856.0,-6.282722513089005
2025-01-16,买入,6.76,13000,87880.0,601319,中国人保,震荡,,
2025-03-04,卖出,6.6,13000,85800.0,601319,中国人保,震荡,-2080.0,-2.366863905325444
2025-03-07,买入,6.71,12700,85217.0,601319,中国人保,震荡,,
2025-03-11,卖出,6.57,12700,83439.0,601319,中国人保,震荡,-1778.0,-2.086438152011923
2025-03-14,买入,6.67,12600,84042.0,601319,中国人保,震荡,,
2025-03-31,卖出,6.8,12600,85680.0,601319,中国人保,震荡,1638.0,1.9490254872563717
2024-05-21,买入,5.48,18200,99736.00000000001,601319,中国人保,熊市,,
2024-05-27,卖出,5.43,18200,98826.0,601319,中国人保,熊市,-910.0000000000146,-0.9124087591241021
2024-06-17,买入,5.16,19200,99072.0,601319,中国人保,熊市,,
2024-06-18,卖出,5.14,19200,98688.0,601319,中国人保,熊市,-384.0,-0.3875968992248062
2024-06-19,买入,5.17,19000,98230.0,601319,中国人保,熊市,,
2024-07-09,卖出,5.15,19000,97850.0,601319,中国人保,熊市,-380.0,-0.3868471953578337
2024-07-10,买入,5.22,18800,98136.0,601319,中国人保,熊市,,
2024-07-24,卖出,5.51,18800,103588.0,601319,中国人保,熊市,5452.0,5.555555555555555
2024-08-01,买入,5.73,18100,103713.00000000001,601319,中国人保,熊市,,
2024-08-07,卖出,5.6,18100,101360.0,601319,中国人保,熊市,-2353.0000000000146,-2.268760907504377
2024-09-02,买入,5.98,16900,101062.0,601319,中国人保,熊市,,
2024-09-09,卖出,6.1,16900,103090.0,601319,中国人保,熊市,2028.0,2.0066889632107023
2025-05-07,买入,8.1,12300,99630.0,601857,中国石油,牛市,,
2025-05-19,卖出,8.15,12300,100245.0,601857,中国石油,牛市,615.0,0.6172839506172839
2025-06-03,买入,8.33,12000,99960.0,601857,中国石油,牛市,,
2025-06-24,卖出,8.85,12000,106200.0,601857,中国石油,牛市,6240.0,6.24249699879952
2025-07-09,买入,8.59,12400,106516.0,601857,中国石油,牛市,,
2025-07-14,卖出,8.69,12400,107756.0,601857,中国石油,牛市,1240.0,1.1641443538998837
2025-07-21,买入,8.9,12100,107690.0,601857,中国石油,牛市,,
2025-07-29,卖出,8.59,12100,103939.0,601857,中国石油,牛市,-3751.0,-3.48314606741573
2025-07-31,买入,8.88,11700,103896.00000000001,601857,中国石油,牛市,,
2025-09-03,卖出,9.08,11700,106236.0,601857,中国石油,牛市,2339.9999999999854,2.252252252252238
2025-09-29,买入,8.18,13000,106340.0,601857,中国石油,牛市,,
2025-10-09,卖出,8.07,13000,104910.0,601857,中国石油,牛市,-1430.0,-1.3447432762836184
2025-10-10,买入,8.23,12700,104521.0,601857,中国石油,牛市,,
2025-10-31,结算,9.15,12700,116205.0,601857,中国石油,牛市,11684.0,11.178614823815309
2024-11-06,买入,8.23,12100,99583.0,601857,中国石油,震荡,,
2024-12-19,卖出,8.46,12100,102366.00000000001,601857,中国石油,震荡,2783.0000000000146,2.794653705953842
2024-12-26,买入,9.02,11300,101926.0,601857,中国石油,震荡,,
2025-01-03,卖出,8.81,11300,99553.0,601857,中国石油,震荡,-2373.0,-2.328159645232816
2025-02-10,买入,8.25,12100,99825.0,601857,中国石油,震荡,,
2025-02-18,卖出,8.05,12100,97405.00000000001,601857,中国石油,震荡,-2419.9999999999854,-2.4242424242424097
2025-02-28,买入,7.85,12400,97340.0,601857,中国石油,震荡,,
2025-04-01,结算,8.25,12400,102300.0,601857,中国石油,震荡,4960.0,5.095541401273886
2024-06-24,买入,9.95,10000,99500.0,601857,中国石油,熊市,,
2024-06-25,卖出,10.03,10000,100300.0,601857,中国石油,熊市,800.0,0.8040201005025126
2024-07-05,买入,10.63,9400,99922.00000000001,601857,中国石油,熊市,,
2024-07-09,卖出,10.66,9400,100204.0,601857,中国石油,熊市,281.99999999998545,0.28222013170271354
2024-07-10,买入,10.62,9500,100889.99999999999,601857,中国石油,熊市,,
2024-07-23,卖出,9.58,9500,91010.0,601857,中国石油,熊市,-9879.999999999985,-9.792843691148763
2024-08-02,买入,8.87,10200,90473.99999999999,601857,中国石油,熊市,,
2024-08-06,卖出,8.48,10200,86496.0,601857,中国石油,熊市,-3977.9999999999854,-4.396843291995475
2024-08-16,买入,8.88,9800,87024.00000000001,601857,中国石油,熊市,,
2024-08-23,卖出,8.92,9800,87416.0,601857,中国石油,熊市,391.99999999998545,0.45045045045043364
2024-09-02,买入,8.85,9900,87615.0,601857,中国石油,熊市,,
2024-09-04,卖出,8.49,9900,84051.0,601857,中国石油,熊市,-3564.0,-4.067796610169491
2025-05-16,买入,6.15,16200,99630.0,601872,招商轮船,牛市,,
2025-05-21,卖出,6.09,16200,98658.0,601872,招商轮船,牛市,-972.0,-0.975609756097561
2025-06-17,买入,6.6,15000,99000.0,601872,招商轮船,牛市,,
2025-06-25,卖出,6.14,15000,92100.0,601872,招商轮船,牛市,-6900.0,-6.969696969696971
2025-07-21,买入,6.08,15100,91808.0,601872,招商轮船,牛市,,
2025-07-31,卖出,6.15,15100,92865.0,601872,招商轮船,牛市,1057.0,1.151315789473684
2025-08-25,买入,6.54,14200,92868.0,601872,招商轮船,牛市,,
2025-08-28,卖出,6.53,14200,92726.0,601872,招商轮船,牛市,-142.0,-0.1529051987767584
2025-09-02,买入,6.67,13900,92713.0,601872,招商轮船,牛市,,
2025-09-04,卖出,6.76,13900,93964.0,601872,招商轮船,牛市,1251.0,1.3493253373313343
2025-09-08,买入,7.72,12200,94184.0,601872,招商轮船,牛市,,
2025-09-19,卖出,8.6,12200,104920.0,601872,招商轮船,牛市,10736.0,11.398963730569948
2025-10-09,买入,8.45,12400,104779.99999999999,601872,招商轮船,牛市,,
2025-10-10,卖出,8.5,12400,105400.0,601872,招商轮船,牛市,620.0000000000146,0.5917159763313748
2024-11-06,买入,6.82,14600,99572.0,601872,招商轮船,震荡,,
2024-11-29,卖出,6.28,14600,91688.0,601872,招商轮船,震荡,-7884.0,-7.9178885630498534
2024-12-04,买入,6.35,14500,92075.0,601872,招商轮船,震荡,,
2024-12-24,卖出,6.27,14500,90915.0,601872,招商轮船,震荡,-1160.0,-1.2598425196850394
2025-01-21,买入,6.8,13300,90440.0,601872,招商轮船,震荡,,
2025-02-26,卖出,6.32,13300,84056.0,601872,招商轮船,震荡,-6384.0,-7.0588235294117645
2025-03-06,买入,6.24,13500,84240.0,601872,招商轮船,震荡,,
2025-04-01,结算,6.61,13500,89235.0,601872,招商轮船,震荡,4995.0,5.929487179487179
2024-06-24,买入,8.61,11600,99876.0,601872,招商轮船,熊市,,
2024-07-26,卖出,7.7,11600,89320.0,601872,招商轮船,熊市,-10556.0,-10.569105691056912
2024-08-02,买入,7.65,11600,88740.0,601872,招商轮船,熊市,,
2024-08-06,卖出,7.44,11600,86304.0,601872,招商轮船,熊市,-2436.0,-2.7450980392156863
2024-08-16,买入,7.69,11300,86897.0,601872,招商轮船,熊市,,
2024-08-23,卖出,8.18,11300,92434.0,601872,招商轮船,熊市,5537.0,6.371911573472041
2025-05-07,买入,25.5,3900,99450.0,603816,中国人保,牛市,,
2025-05-19,卖出,25.44,3900,99216.0,603816,中国人保,牛市,-234.0,-0.2352941176470588
2025-07-03,买入,25.98,3800,98724.0,603816,中国人保,牛市,,
2025-07-07,卖出,24.34,3800,92492.0,603816,中国人保,牛市,-6232.0,-6.312548113933795
2025-07-29,买入,26.04,3500,91140.0,603816,中国人保,牛市,,
2025-08-05,卖出,25.6,3500,89600.0,603816,中国人保,牛市,-1540.0,-1.6897081413210446
2025-08-07,买入,25.92,3500,90720.0,603816,中国人保,牛市,,
2025-08-28,卖出,28.98,3500,101430.0,603816,中国人保,牛市,10710.0,11.805555555555555
2025-09-09,买入,30.15,3400,102510.0,603816,中国人保,牛市,,
2025-09-15,卖出,30.0,3400,102000.0,603816,中国人保,牛市,-510.0,-0.4975124378109453
2025-09-18,买入,31.13,3200,99616.0,603816,中国人保,牛市,,
2025-09-19,卖出,30.3,3200,96960.0,603816,中国人保,牛市,-2656.0,-2.6662383552842917
2024-11-06,买入,32.96,3000,98880.0,603816,中国人保,震荡,,
2024-11-12,卖出,32.38,3000,97140.00000000001,603816,中国人保,震荡,-1739.9999999999854,-1.759708737864063
2024-11-28,买入,28.03,3500,98105.0,603816,中国人保,震荡,,
2024-12-19,卖出,28.7,3500,100450.0,603816,中国人保,震荡,2345.0,2.3902961113093113
2025-02-14,买入,29.11,3400,98974.0,603816,中国人保,震荡,,
2025-02-21,卖出,27.85,3400,94690.0,603816,中国人保,震荡,-4284.0,-4.3284094812779115
2024-05-21,买入,37.34,2600,97084.00000000001,603816,中国人保,熊市,,
2024-05-28,卖出,36.98,2600,96147.99999999999,603816,中国人保,熊市,-936.0000000000291,-0.9641135511516099
2024-06-24,买入,32.85,3000,98550.0,603816,中国人保,熊市,,
2024-06-25,卖出,33.21,3000,99630.0,603816,中国人保,熊市,1080.0,1.095890410958904
2024-06-27,买入,33.09,3000,99270.00000000001,603816,中国人保,熊市,,
2024-07-01,卖出,32.22,3000,96660.0,603816,中国人保,熊市,-2610.0000000000146,-2.62919310970083
2024-07-02,买入,33.1,2900,95990.0,603816,中国人保,熊市,,
2024-07-03,卖出,31.74,2900,92046.0,603816,中国人保,熊市,-3944.0,-4.108761329305136
2024-07-18,买入,25.58,3600,92088.0,603816,中国人保,熊市,,
2024-07-24,卖出,23.55,3600,84780.0,603816,中国人保,熊市,-7308.0,-7.935887412040657
2024-08-01,买入,25.21,3400,85714.0,603816,中国人保,熊市,,
2024-08-07,卖出,24.92,3400,84728.0,603816,中国人保,熊市,-986.0,-1.1503371677905594
2024-08-16,买入,26.13,3200,83616.0,603816,中国人保,熊市,,
2024-08-30,卖出,23.56,3200,75392.0,603816,中国人保,熊市,-8224.0,-9.835438193647148
2024-09-03,买入,23.97,3200,76704.0,603816,中国人保,熊市,,
2024-09-12,结算,22.57,3200,72224.0,603816,中国人保,熊市,-4480.0,-5.840634125990822
